Name,url,Active,Years Played,Position,Clubs Played,IOC
Dawid Abramowicz,/en/players/2bb18730/Dawid-Abramowicz,True,2015-2024,DF,"Radomiak Radom, Wisła Kraków",POL
Mateusz Abramowicz,/en/players/754fd4f4/Mateusz-Abramowicz,True,2014-2023,GK,"Miedź Legnica, Śląsk Wrocław",POL
Sławomir Abramowicz,/en/players/5b32de88/Slawomir-Abramowicz,True,2021-2024,GK,Jagiellonia,POL
Adriana Achcińska,/en/players/d85ee236/Adriana-Achcinska,True,2021-2024,MF,"Köln, Poland",POL
Hubert Adamczyk,/en/players/7571ef7f/Hubert-Adamczyk,True,2015-2021,MF,"Wisła Płock, Cracovia",POL
Nico Adamczyk,/en/players/eee2ceec/Nico-Adamczyk,True,2021-2024,DF,"Dortmund U19, Dortmund U17",POL
Kayla Adamek,/en/players/15fb617b/Kayla-Adamek,True,2019-2025,MF,"Vittsjö, Poland",POL
Jakub Adkonis,/en/players/716749d5/Jakub-Adkonis,True,2023-2024,FW,Legia Warsaw,POL
Maciej Ambrosiewicz,/en/players/d87e1413/Maciej-Ambrosiewicz,True,2017-2022,MF,"Górnik Zabrze, Wisła Płock, Bruk-Bet Termalica Nieciecza",POL
Michael Ameyaw,/en/players/37568bd3/Michael-Ameyaw,True,2021-2024,MF,Piast Gliwice,POL
Karol Angielski,/en/players/d75479ab/Karol-Angielski,True,2012-2024,FW,"Atromitos, Radomiak Radom, Piast Gliwice, Wisła Płock, Sivasspor, Korona Kielce, Śląsk Wrocław",POL
Jakub Antczak,/en/players/082a7ce9/Jakub-Antczak,True,2022-2023,MF,,POL
Kamil Antonik,/en/players/1f0522bb/Kamil-Antonik,True,2019-2020,MF,Arka Gdynia,POL
Jakub Arak,/en/players/b2b4b093/Jakub-Arak,True,2016-2022,FW,"Lechia Gdańsk, Ruch Chorzów, Raków Częstochowa",POL
Dawid Arndt,/en/players/c9314897/Dawid-Arndt,True,2019-2024,GK,ŁKS Łódź,POL
Rafał Augustyniak,/en/players/14a55fe3/Rafal-Augustyniak,True,2014-2024,"DF,MF","Legia Warsaw, Ural Yekaterinburg, Miedź",POL
Bartłomiej Babiarz,/en/players/8064dc8f/Bartlomiej-Babiarz,True,2013-2019,MF,"Ruch Chorzów, Bruk-Bet Termalica Nieciecza, Zagl Sosnowiec, Apollon Smyrni",POL
Daniel Bak,/en/players/c40bf4b6/Daniel-Bak,True,2023-2024,FW,Korona Kielce,POL
Mateusz Bąkowicz,/en/players/0b1518ba/Mateusz-Bakowicz,True,2023-2024,DF,ŁKS Łódź,POL
Krzysztof Bąkowski,/en/players/0c38886e/Krzysztof-Bakowski,True,2020-2024,GK,Radomiak Radom,POL
Wojciech Banasik,/en/players/d0439d7c/Wojciech-Banasik,True,2023-2024,GK,Legia Warsaw,POL
Przemysław Banaszak,/en/players/d27ce0a6/Przemyslaw-Banaszak,True,2021-2022,MF,Górnik Łęczna,POL
Maksymilian Banaszewski,/en/players/9c34ca4a/Maksymilian-Banaszewski,True,2018-2019,MF,Arka Gdynia,POL
Paweł Baranowski,/en/players/b24b1423/Pawel-Baranowski,True,2014-2024,DF,"Ruch Chorzów, GKS Bełchatów, Podbeskidzie, Górnik Łęczna",POL
Bartłomiej Barański,/en/players/b5bb86c3/Bartlomiej-Baranski,True,2023-2024,FW,Ruch Chorzów,POL
Norbert Barczak,/en/players/ed2e7ade/Norbert-Barczak,True,2023-2024,DF,Górnik Zabrze,POL
Dawid Barnowski,/en/players/cf3bc1a5/Dawid-Barnowski,True,2023-2024,FW,Ruch Chorzów,POL
Jakub Bartkowski,/en/players/c572c107/Jakub-Bartkowski,True,2011-2024,DF,"Warta Poznań, Pogoń Szczecin, Widzew Łódź, Wisła Kraków, Lechia Gdańsk",POL
Mateusz Bartolewski,/en/players/c10e9619/Mateusz-Bartolewski,True,2020-2024,DF,"Ruch Chorzów, Zagłębie Lubin",POL
Jakub Bartosz,/en/players/e0dfff36/Jakub-Bartosz,True,2013-2024,"DF,MF","Puszcza Niepołomice, Wisła Kraków, Sandecja Nowy Sącz",POL
Jakub Bednarczyk,/en/players/b352cfa6/Jakub-Bednarczyk,True,2016-2021,FW,"Leverkusen U19, Zagłębie Lubin",POL
Filip Bednarek,/en/players/93b95f72/Filip-Bednarek,True,2012-2024,GK,"Lech Poznań, De Graafschap, Jong Twente, Heerenveen, Utrecht",POL
Jan Bednarek,/en/players/4115ce4e/Jan-Bednarek,True,2013-2024,DF,"Southampton, Poland, Lech Poznań, Górnik Łęczna, Southampton U23, Aston Villa",POL
Łukasz Bejger,/en/players/76987501/Lukasz-Bejger,True,2019-2024,DF,"Śląsk Wrocław, Manchester United U23",POL
Adrian Benedyczak,/en/players/3f448184/Adrian-Benedyczak,True,2017-2024,"FW,MF","Parma, Poland, Pogoń Szczecin",POL
Bartosz Bereszyński,/en/players/61b3978f/Bartosz-Bereszynski,True,2009-2024,"DF,FW","Sampdoria, Poland, Empoli, Legia Warszawa, Lech Poznań, Napoli",POL
Sebastian Bergier,/en/players/f1c5ae82/Sebastian-Bergier,True,2017-2023,FW,Śląsk Wrocław,POL
Bartosz Białek,/en/players/763b8b37/Bartosz-Bialek,True,2019-2023,FW,"Wolfsburg, Vitesse, Zagłębie Lubin",POL
Bartosz Białkowski,/en/players/4b5e809f/Bartosz-Bialkowski,True,2004-2024,GK,"Millwall, Ipswich Town, Notts County, Southampton, Górnik Zabrze",POL
Bartosz Bida,/en/players/f62ddbc1/Bartosz-Bida,True,2017-2023,MF,Jagiellonia,POL
Wiktor Biedrzycki,/en/players/0cd62770/Wiktor-Biedrzycki,True,2018-2022,DF,"Bruk-Bet Termalica Nieciecza, Górnik Zabrze",POL
Jan Biegański,/en/players/a5362c15/Jan-Bieganski,True,2020-2023,MF,Lechia Gdańsk,POL
Mikołaj Biegański,/en/players/ee140493/Mikolaj-Bieganski,True,2021-2022,GK,Wisła Kraków,POL
Jakub Bielecki,/en/players/9eafbf93/Jakub-Bielecki,True,2023-2024,GK,Ruch Chorzów,POL
Daniel Bielica,/en/players/5b462baa/Daniel-Bielica,True,2018-2024,GK,"Górnik Zabrze, Warta Poznań",POL
Krystian Bielik,/en/players/8e0ec853/Krystian-Bielik,True,2014-2024,"DF,MF","Birmingham City, Poland, Derby County, Charlton Athletic, Arsenal U23, Legia Warszawa, Derby County",POL
Jakub Bieroński,/en/players/353d7b26/Jakub-Bieronski,True,2020-2021,MF,Podbeskidzie,POL
Gerard Bieszczad,/en/players/abf59165/Gerard-Bieszczad,True,2012-2015,GK,,POL
Kacper Bieszczad,/en/players/9167cc2e/Kacper-Bieszczad,True,2018-2024,GK,"Raków Częstochowa, Zagłębie Lubin",POL
Kamil Biliński,/en/players/b70e361b/Kamil-Bilinski,True,2008-2021,FW,"Śląsk Wrocław, Dinamo București, Podbeskidzie, Wisła Płock",POL
Dominik Biniek,/en/players/a4beb9c5/Dominik-Biniek,True,2022-2024,FW,Blackburn Rovers U21,POL
Alexander Bobek,/en/players/9efee0b1/Alexander-Bobek,True,2019-2024,GK,ŁKS Łódź,POL
Mateusz Bochnak,/en/players/9892f2fe/Mateusz-Bochnak,True,2016-2024,MF,Cracovia,POL
Paweł Bochniewicz,/en/players/9bf068be/Pawel-Bochniewicz,True,2013-2024,DF,"Heerenveen, Poland, Górnik Zabrze, Reggina",POL
Wiktor Bogacz,/en/players/68a0a431/Wiktor-Bogacz,True,2022-2023,FW,,POL
Artur Bogusz,/en/players/2232fee7/Artur-Bogusz,True,2019-2022,DF,"ŁKS Łódź, Radomiak Radom",POL
Mateusz Bogusz,/en/players/a2c1d8c2/Mateusz-Bogusz,True,2018-2024,"FW,MF","Los Angeles FC, Ibiza, UD Logroñés, Leeds United",POL
Sebastian Bonecki,/en/players/76f5fe63/Sebastian-Bonecki,True,2013-2022,MF,"Bruk-Bet Termalica Nieciecza, Zagłębie Lubin",POL
Filip Borowski,/en/players/7cecdaf7/Filip-Borowski,True,2020-2024,DF,Warta Poznań,POL
Maksymilian Boruc,/en/players/203acf46/Maksymilian-Boruc,True,2020-2024,GK,"Arbroath, Hibernian",POL
Karol Borys,/en/players/4bf85184/Karol-Borys,True,2021-2024,MF,"Śląsk Wrocław, Westerlo",POL
Eugenio Bracelli,/en/players/557af955/Eugenio-Bracelli,True,2020-2021,MF,,POL
Kamil Broda,/en/players/7f01e662/Kamil-Broda,True,2018-2021,GK,,POL
Martyna Brodzik,/en/players/003f431d/Martyna-Brodzik,True,2024-2025,MF,Poland,POL
Nicola Brzęczek,/en/players/3ee81b9b/Nicola-Brzeczek,True,2023,FW,,POL
Bartosz Brzęk,/en/players/8fce3dfe/Bartosz-Brzek,True,2022-2023,MF,,POL
Marcin Brzozowski,/en/players/fb6d5be6/Marcin-Brzozowski,True,2015-2022,GK,,POL
Milosz Brzozowski,/en/players/ebfab923/Milosz-Brzozowski,True,2021-2023,DF,Hansa Rostock U19,POL
Michał Buchalik,/en/players/5ada9f94/Michal-Buchalik,True,2009-2024,GK,"Ruch Chorzów, Wisła Kraków, Lechia Gdańsk, Odra Wodzisław",POL
Łukasz Budziłek,/en/players/8c1ead4d/Lukasz-Budzilek,True,2010-2022,GK,"Lechia Gdańsk, GKS Bełchatów, Bruk-Bet Termalica Nieciecza",POL
Adrian Bukowski,/en/players/69449e1c/Adrian-Bukowski,True,2021-2023,MF,Śląsk Wrocław,POL
Adam Buksa,/en/players/3b676989/Adam-Buksa,True,2014-2024,FW,"Antalyaspor, Poland, New England Revolution, Pogoń Szczecin, Zagłębie Lubin, Lechia Gdańsk, Lens",POL
Aleksander Buksa,/en/players/59f2d958/Aleksander-Buksa,True,2018-2024,FW,"WSG Tirol, Wisła Kraków, Royal Standard de Liège U23, Genoa",POL
Jakub Bursztyn,/en/players/743bb349/Jakub-Bursztyn,True,2017-2022,GK,Pogoń Szczecin,POL
Józef Burta,/en/players/3a41778f/Jozef-Burta,True,2021-2022,GK,,POL
Marcin Bułka,/en/players/db87a2c4/Marcin-Bulka,True,2017-2024,GK,"Nice, Poland, Chelsea U23, Châteauroux, Cartagena",POL
Marcel Bykowski,/en/players/87bb71bc/Marcel-Bykowski,True,2023-2024,FW,Piast Gliwice,POL
Damian Byrtek,/en/players/d3b064db/Damian-Byrtek,True,2011-2020,DF,"Wisła Płock, Podbeskidzie",POL
Fabian Bzdyl,/en/players/b7f31225/Fabian-Bzdyl,True,2023-2024,DF,Cracovia,POL
Adrian Błąd,/en/players/6b3aa33c/Adrian-Blad,True,2009-2017,MF,"Zagłębie Lubin, Arka Gdynia",POL
Dawid Błanik,/en/players/45d2ded9/Dawid-Blanik,True,2017-2024,MF,"Korona Kielce, Pogoń Szczecin",POL
Oliwer Błaszczyk,/en/players/47931b82/Oliwer-Blaszczyk,True,2023-2024,DF,Dortmund U17,POL
Jakub Błaszczykowski,/en/players/2b350e6b/Jakub-Blaszczykowski,True,2004-2023,MF,"Borussia Dortmund, Wisła Kraków, Poland, Wolfsburg, Fiorentina",POL
Wojciech Błyszko,/en/players/fe4d2b22/Wojciech-Blyszko,True,2017-2021,DF,"Eintracht Braunschweig U19, Jagiellonia, Stal Mielec",POL
Matty Cash,/en/players/2389cdc2/Matty-Cash,True,2015-2024,"DF,FW","Aston Villa, Poland, Nottingham Forest, Dagenham & Redbridge",POL
Marcin Cebula,/en/players/585fe6ab/Marcin-Cebula,True,2012-2024,"FW,MF","Raków Częstochowa, Korona Kielce",POL
Alex Cetnar,/en/players/6aec7af5/Alex-Cetnar,True,2023-2024,MF,Stal Mielec,POL
Philip Chadala,/en/players/db8072e3/Philip-Chadala,True,2022-2023,GK,,POL
Mateusz Chmarek,/en/players/671219a1/Mateusz-Chmarek,True,2023-2024,FW,Górnik Zabrze,POL
Damian Chmiel,/en/players/46614e65/Damian-Chmiel,True,2012-2016,MF,Podbeskidzie,POL
Kacper Chodyna,/en/players/8f905aed/Kacper-Chodyna,True,2019-2024,"DF,MF",Zagłębie Lubin,POL
Adam Chojecki,/en/players/856b2d69/Adam-Chojecki,True,2023-2024,MF,Korona Kielce,POL
Mateusz Cholewiak,/en/players/de61056e/Mateusz-Cholewiak,True,2017-2024,MF,"Puszcza Niepołomice, Śląsk Wrocław, Górnik Zabrze, Legia Warsaw",POL
Kacper Chorążka,/en/players/f0d58452/Kacper-Chorazka,True,2017-2022,GK,,POL
Michał Chrapek,/en/players/c3425f82/Michal-Chrapek,True,2009-2024,MF,"Piast Gliwice, Śląsk Wrocław, Wisła Kraków, Lechia Gdańsk, Catania",POL
Paweł Chrupałła,/en/players/8b4bce6e/Pawel-Chrupalla,True,2021-2024,FW,"Sarpsborg 08, Kristiansund, Rosenborg",POL
Adam Chrzanowski,/en/players/e3eda8a0/Adam-Chrzanowski,True,2015-2023,DF,"Wisła Płock, Pordenone Calcio, Lechia Gdańsk",POL
Mateusz Cichocki,/en/players/1136022f/Mateusz-Cichocki,True,2013-2024,DF,"Radomiak Radom, Ruch Chorzów, Zagl Sosnowiec, Legia Warszawa",POL
Kacper Cichon,/en/players/77559f5a/Kacper-Cichon,True,2023-2024,MF,Puszcza Niepołomice,POL
Radosław Cielemęcki,/en/players/fa8fd10d/Radoslaw-Cielemecki,True,2019-2023,MF,Wisła Płock,POL
Bartłomiej Ciepiela,/en/players/b2404807/Bartlomiej-Ciepiela,True,2021-2023,MF,"Stal Mielec, Legia Warsaw",POL
Adrian Cieślewicz,/en/players/4b779cb2/Adrian-Cieslewicz,True,2009-2014,FW,"Wrexham, Kidderminster Harriers",POL
Thiago Cionek,/en/players/46f5c54d/Thiago-Cionek,True,2008-2023,DF,"Jagiellonia, Reggina, Modena, SPAL, Palermo, Padova, Poland",POL
Kamil Cybulski,/en/players/cfa7b20c/Kamil-Cybulski,True,2023-2024,MF,Widzew Łódź,POL
Patryk Czarnowski,/en/players/66dc42b6/Patryk-Czarnowski,True,2021-2022,MF,Bruk-Bet Termalica Nieciecza,POL
Alan Czerwiński,/en/players/2209c211/Alan-Czerwinski,True,2017-2024,"DF,MF","Lech Poznań, Zagłębie Lubin",POL
Jakub Czerwiński,/en/players/4b8c05c4/Jakub-Czerwinski,True,2015-2024,DF,"Piast Gliwice, Pogoń Szczecin, Legia Warszawa",POL
Szymon Czyż,/en/players/4c14af32/Szymon-Czyz,True,2020-2024,MF,"Górnik Zabrze, Raków Częstochowa, Warta Poznań",POL
Mateusz Czyżycki,/en/players/d3d13a22/Mateusz-Czyzycki,True,2020-2024,MF,"Korona Kielce, Warta Poznań",POL
Damian Dąbrowski,/en/players/03aa2a95/Damian-Dabrowski,True,2009-2024,MF,"Zagłębie Lubin, Cracovia, Pogoń Szczecin",POL
Maciej Dabrowski,/en/players/932318c6/Maciej-Dabrowski,True,2016-2024,GK,"Raith Rovers, Hibernian",POL
Robert Dadok,/en/players/a85b34fd/Robert-Dadok,True,2020-2024,MF,"Górnik Zabrze, Ruch Chorzów, Stal Mielec",POL
Adrian Danek,/en/players/89ed3558/Adrian-Danek,True,2017-2023,FW,"Sandecja Nowy Sącz, Korona Kielce",POL
Krzysztof Danielewicz,/en/players/0be6173b/Krzysztof-Danielewicz,True,2013-2017,MF,"Śląsk Wrocław, Górnik Łęczna, Cracovia",POL
Kamil Dankowski,/en/players/42006ca1/Kamil-Dankowski,True,2013-2024,"DF,MF","ŁKS Łódź, Śląsk Wrocław",POL
Ignacy Dawid,/en/players/c5688cd8/Ignacy-Dawid,True,2022-2024,MF,Widzew Łódź,POL
Paweł Dawidowicz,/en/players/16bb656a/Pawel-Dawidowicz,True,2012-2024,"DF,MF","Hellas Verona, Poland, Lechia Gdańsk, Palermo, Bochum",POL
Adam Deja,/en/players/19291cf0/Adam-Deja,True,2012-2023,MF,"Podbeskidzie, Arka Gdynia, Korona Kielce, Cracovia",POL
Szymon Doba,/en/players/d804339c/Szymon-Doba,True,2023-2024,FW,Cracovia,POL
Maciej Domański,/en/players/7444af1c/Maciej-Domanski,True,2019-2024,"FW,MF","Stal Mielec, Raków Częstochowa",POL
Oliwia Domin,/en/players/27a2f0cf/Oliwia-Domin,True,2024-2025,MF,Poland,POL
Dawid Drachal,/en/players/7a0e6d79/Dawid-Drachal,True,2022-2024,MF,"Raków Częstochowa, Miedź Legnica",POL
Bartłomiej Drągowski,/en/players/085e71a7/Bartlomiej-Dragowski,True,2013-2024,GK,"Spezia, Panathinaikos, Poland, Fiorentina, Jagiellonia, Empoli",POL
Igor Drapinski,/en/players/9c5827ab/Igor-Drapinski,True,2021-2023,DF,Wisła Płock,POL
Szymon Drewniak,/en/players/55e93a3f/Szymon-Drewniak,True,2011-2022,MF,"Górnik Łęczna, Lech Poznań, Cracovia, Górnik Zabrze",POL
Kamil Drygas,/en/players/9eb44c64/Kamil-Drygas,True,2010-2023,MF,"Pogoń Szczecin, Zawisza Bydgoszcz, Lech Poznań, Miedź Legnica",POL
Krzysztof Drzazga,/en/players/8f1fbd1d/Krzysztof-Drzazga,True,2015-2020,FW,Wisła Kraków,POL
Kacper Duda,/en/players/13bd88f0/Kacper-Duda,True,2019-2021,MF,,POL
Mateusz Dudek,/en/players/2d7f84bf/Mateusz-Dudek,True,2020-2024,GK,Stal Mielec,POL
Karol Dybowski,/en/players/dea1745c/Karol-Dybowski,True,2018-2019,GK,,POL
Patryk Dziczek,/en/players/5b090190/Patryk-Dziczek,True,2014-2024,MF,"Piast Gliwice, Poland, Salernitana",POL
Xavier Dziekonski,/en/players/06a748a2/Xavier-Dziekonski,True,2019-2024,GK,"Korona Kielce, Jagiellonia",POL
Franciszek Dziewicki,/en/players/a7928cc3/Franciszek-Dziewicki,True,2023-2024,DF,Cracovia,POL
Maksymilian Dziuba,/en/players/9810b2ba/Maksymilian-Dziuba,True,2023-2024,MF,Lech Poznań,POL
Daniel Dziwniel,/en/players/2073b5eb/Daniel-Dziwniel,True,2011-2022,DF,"Ruch Chorzów, Zagłębie Lubin, Górnik Łęczna, Kickers Offenbach, Korona Kielce, St. Gallen",POL
Adam Dźwigała,/en/players/75edc8ce/Adam-Dzwigala,True,2012-2024,DF,"St Pauli, Wisła Płock, Jagiellonia, Aves, Górnik Łęczna, Lechia Gdańsk, Górnik Zabrze",POL
Wiktor Długosz,/en/players/88e29dad/Wiktor-Dlugosz,True,2018-2024,DF,"Ruch Chorzów, Raków Częstochowa, Korona Kielce",POL
Bartłomiej Eizenchart,/en/players/04171f21/Bartlomiej-Eizenchart,True,2019-2023,MF,,POL
Łukasz Fabiański,/en/players/9328b835/Lukasz-Fabianski,True,2005-2024,GK,"West Ham United, Swansea City, Legia Warszawa, Arsenal, Poland",POL
Michał Feliks,/en/players/0e38d955/Michal-Feliks,True,2022-2024,FW,"Ruch Chorzów, Radomiak Radom",POL
Rafał Figiel,/en/players/52b555de/Rafal-Figiel,True,2020-2021,MF,Podbeskidzie,POL
Karol Fila,/en/players/50ac8941/Karol-Fila,True,2016-2024,DF,"Strasbourg, Lechia Gdańsk, Zulte Waregem",POL
Maciej Firlej,/en/players/53db97f9/Maciej-Firlej,True,2018-2024,FW,"Puszcza Niepołomice, Ruch Chorzów",POL
Marcin Flis,/en/players/be9d3d7e/Marcin-Flis,True,2012-2024,DF,"ŁKS Łódź, Stal Mielec, GKS Bełchatów, Piast Gliwice",POL
Konrad Forenc,/en/players/970be19b/Konrad-Forenc,True,2015-2024,GK,"Korona Kielce, Zagłębie Lubin",POL
Dariusz Formella,/en/players/e855f6b1/Dariusz-Formella,True,2013-2024,"FW,MF","Phoenix Rising, Lech Poznań, Sacramento Republic, Oakland Roots, Pogoń Szczecin, Arka Gdynia",POL
Mariusz Fornalczyk,/en/players/86a7d71b/Mariusz-Fornalczyk,True,2020-2024,MF,"Pogoń Szczecin, Korona Kielce",POL
Tomasz Foszmańczyk,/en/players/3af18d65/Tomasz-Foszmanczyk,True,2012-2024,MF,"Ruch Chorzów, Bruk-Bet Termalica Nieciecza, Korona Kielce",POL
Przemysław Frankowski,/en/players/00a8d210/Przemyslaw-Frankowski,True,2012-2024,"DF,FW","Lens, Poland, Jagiellonia, Chicago Fire, Lechia Gdańsk",POL
Dominik Frelek,/en/players/12d2a65d/Dominik-Frelek,True,2020-2021,MF,Podbeskidzie,POL
Damian Gąska,/en/players/0693653e/Damian-Gaska,True,2014-2022,"FW,MF","Śląsk Wrocław, Górnik Łęczna, Unterhaching",POL
Szymon Gałązka,/en/players/a7052184/Szymon-Galazka,True,2023-2024,MF,Korona Kielce,POL
Fryderyk Gerbowski,/en/players/df3e7410/Fryderyk-Gerbowski,True,2020-2023,MF,"Stal Mielec, Wisła Płock",POL
Lukasz Gerstenstein,/en/players/fdc242e4/Lukasz-Gerstenstein,True,2022-2024,MF,Stal Mielec,POL
Krystian Getinger,/en/players/acc6566a/Krystian-Getinger,True,2020-2024,"DF,MF",Stal Mielec,POL
Rafał Gikiewicz,/en/players/17376543/Rafal-Gikiewicz,True,2008-2024,GK,"Widzew Łódź, Ankaragücü, Augsburg, Union Berlin, Eintracht Braunschweig, Śląsk Wrocław, Jagiellonia,",POL
Filip Gil,/en/players/f388434b/Filip-Gil,True,2023-2024,DF,Puszcza Niepołomice,POL
Grzegorz Glapka,/en/players/80e836d9/Grzegorz-Glapka,True,2023-2024,FW,ŁKS Łódź,POL
Kamil Glik,/en/players/c6056d58/Kamil-Glik,True,2008-2024,"DF,MF","Cracovia, Torino, Monaco, Poland, Benevento, Piast Gliwice, Bari, Palermo",POL
Michał Gliwa,/en/players/cce2e576/Michal-Gliwa,True,2008-2022,GK,"Zagłębie Lubin, Sandecja Nowy Sącz, Polonia Warszawa, Pandurii Târgu Jiu, Raków Częstochowa, Stal Mi",POL
Bartosz Glogowski,/en/players/30c964ba/Bartosz-Glogowski,True,2023-2024,GK,Śląsk Wrocław,POL
Janusz Gol,/en/players/5ca175e7/Janusz-Gol,True,2008-2022,MF,"Amkar Perm, GKS Bełchatów, Legia Warszawa, Cracovia, Górnik Łęczna, Dinamo București",POL
Wojciech Golla,/en/players/71bb1661/Wojciech-Golla,True,2012-2024,"DF,MF","Puskás Akadémia, NEC Nijmegen, Śląsk Wrocław, Pogoń Szczecin",POL
Ricardo Gonçalves,/en/players/575ab060/Ricardo-Goncalves,True,2023-2024,MF,ŁKS Łódź,POL
Jakub Gorski,/en/players/7e37e10f/Jakub-Gorski,True,2019-2020,FW,,POL
Maciej Górski,/en/players/8d1e57ed/Maciej-Gorski,True,2009-2019,FW,"Korona Kielce, Jagiellonia, Legia Warszawa",POL
Maciej Gostomski,/en/players/37717ce4/Maciej-Gostomski,True,2013-2022,GK,"Lech Poznań, Górnik Łęczna, Korona Kielce, Cracovia",POL
Radosław Gołębiowski,/en/players/913200d6/Radoslaw-Golebiowski,True,2022-2023,MF,,POL
Kamil Grabara,/en/players/62182b1d/Kamil-Grabara,True,2016-2024,GK,"FC Copenhagen, Aarhus, Liverpool U23, Huddersfield Town",POL
Dominika Grabowska,/en/players/82a65245/Dominika-Grabowska,True,2017-2025,MF,"Fleury, Poland",POL
Marcin Grabowski,/en/players/afc721c2/Marcin-Grabowski,True,2018-2022,DF,"Bruk-Bet Termalica Nieciecza, Wisła Kraków",POL
Alex da Graça Marques,/en/players/64ded563/Alex-da-Graca-Marques,True,2021-2024,FW,"Hamburger SV U19, Hamburger SV U17",POL
Hubert Graczyk,/en/players/aa41418a/Hubert-Graczyk,True,2018-2024,GK,"Arsenal U21, Arsenal U23",POL
Bartłomiej Gradecki,/en/players/05d626b4/Bartlomiej-Gradecki,True,2017-2023,GK,Wisła Płock,POL
Małgorzata Grec,/en/players/d248a6a9/Malgorzata-Grec,True,2019-2025,DF,"Dijon, Poland, St. Pölten",POL
Jędrzej Grobelny,/en/players/111c01ce/Jedrzej-Grobelny,True,2021-2024,GK,Warta Poznań,POL
Kamil Grosicki,/en/players/81d8091f/Kamil-Grosicki,True,2005-2024,"FW,MF","Pogoń Szczecin, Poland, Hull City, Rennes, Sivasspor, Jagiellonia, West Bromwich Albion, Legia Warsz",POL
Mateusz Grudzinski,/en/players/1bb7e345/Mateusz-Grudzinski,True,2019-2022,FW,,POL
Konrad Gruszkowski,/en/players/8cede517/Konrad-Gruszkowski,True,2020-2022,DF,Wisła Kraków,POL
Riccardo Grym,/en/players/c3098cba/Riccardo-Grym,True,2016-2024,MF,"Lokomotive Leipzig, Leverkusen U19, Mönchengladbach U19",POL
Jan Grzesik,/en/players/24fad387/Jan-Grzesik,True,2019-2024,"DF,MF","Radomiak Radom, Warta Poznań, ŁKS Łódź",POL
Mateusz Grzybek,/en/players/396c208a/Mateusz-Grzybek,True,2021-2024,DF,"Zagłębie Lubin, Bruk-Bet Termalica Nieciecza, Radomiak Radom",POL
Eryk Grzywacz,/en/players/525d054f/Eryk-Grzywacz,True,2021-2024,DF,"Wolfsburg U19, Wolfsburg U17",POL
Tomasso Guercio,/en/players/fa502d6d/Tomasso-Guercio,True,2023-2024,DF,"Śląsk Wrocław, Internazionale",POL
Robert Gumny,/en/players/1df0c0b9/Robert-Gumny,True,2015-2024,DF,"Augsburg, Poland, Lech Poznań",POL
Michał Gurgul,/en/players/f8695195/Michal-Gurgul,True,2022-2024,DF,Lech Poznań,POL
Piotr Głowacki,/en/players/0c4f7c12/Piotr-Glowacki,True,2023-2024,MF,ŁKS Łódź,POL
Wojciech Hajda,/en/players/9d678d77/Wojciech-Hajda,True,2017-2024,MF,"Puszcza Niepołomice, Górnik Zabrze",POL
Michał Helik,/en/players/1d031d1f/Michal-Helik,True,2013-2024,DF,"Huddersfield Town, Cracovia, Barnsley, Ruch Chorzów, Poland",POL
Fabian Hiszpański,/en/players/269dd6c7/Fabian-Hiszpanski,True,2015-2023,DF,Stal Mielec,POL
Axel Holewiński,/en/players/90bcbf92/Axel-Holewinski,True,2023-2024,GK,Pogoń Szczecin,POL
Igor Hotlos,/en/players/27a9c2b1/Igor-Hotlos,True,2022-2024,GK,Meppen U19,POL
Mike Huras,/en/players/41ceb1f4/Mike-Huras,True,2021-2024,FW,"Stuttgart U19, Ruch Chorzów, Stuttgart U17",POL
Oliwier Hyla,/en/players/8350aea9/Oliwier-Hyla,True,2022-2024,DF,Cracovia,POL
Dominik Hładun,/en/players/f2c81da9/Dominik-Hladun,True,2016-2024,GK,"Legia Warsaw, Zagłębie Lubin",POL
Kelechukwu Ibe-Torti,/en/players/7d51853e/Kelechukwu-Ibe-Torti,True,2023-2024,FW,ŁKS Łódź,POL
Hubert Idasiak,/en/players/1b70f53a/Hubert-Idasiak,True,2019-2024,GK,Napoli,POL
Aleksander Iwanczyk,/en/players/6e8fc56c/Aleksander-Iwanczyk,True,2023-2024,MF,ŁKS Łódź,POL
Jarosław Jach,/en/players/99246027/Jaroslaw-Jach,True,2013-2023,DF,"Zagłębie Lubin, Raków Częstochowa, Rizespor, Crystal Palace U23, Fortuna Sittard",POL
Filip Jagiełło,/en/players/4cdcbc14/Filip-Jagiello,True,2013-2024,MF,"Genoa, Spezia, Zagłębie Lubin, Brescia",POL
Damian Jakubik,/en/players/f62ee993/Damian-Jakubik,True,2015-2024,DF,Radomiak Radom,POL
Filip Jakubowski,/en/players/39570fa9/Filip-Jakubowski,True,2023-2024,MF,Warta Poznań,POL
Patryk Janasik,/en/players/fe254b61/Patryk-Janasik,True,2020-2024,"DF,MF",Śląsk Wrocław,POL
Piotr Janczukowicz,/en/players/84bf0b3b/Piotr-Janczukowicz,True,2016-2024,FW,"ŁKS Łódź, Stuttgarter Kickers U19, Stuttgarter Kickers U17",POL
Rafał Janicki,/en/players/3ae905db/Rafal-Janicki,True,2010-2024,DF,"Górnik Zabrze, Lechia Gdańsk, Lech Poznań, Wisła Kraków, Podbeskidzie",POL
Michał Janota,/en/players/adb557c4/Michal-Janota,True,2008-2021,"FW,MF","Korona Kielce, Go Ahead Eagles, Arka Gdynia, Excelsior, Central Coast Mariners, Górnik Zabrze, Al-Fa",POL
Krzysztof Janus,/en/players/97d340f3/Krzysztof-Janus,True,2007-2023,MF,"Zagłębie Lubin, GKS Bełchatów, Cracovia, Arka Gdynia",POL
Adrian Janusz,/en/players/fa9a40c4/Adrian-Janusz,True,2023-2024,GK,Newcastle United U21,POL
Bartosz Jaroch,/en/players/9f099b66/Bartosz-Jaroch,True,2015-2021,DF,Podbeskidzie,POL
Gracjan Jaroch,/en/players/c5d368f0/Gracjan-Jaroch,True,2016-2021,MF,Warta Poznań,POL
Paweł Jaroszyński,/en/players/958a601f/Pawel-Jaroszynski,True,2013-2024,"DF,MF","Cracovia, Salernitana, Chievo, Pescara",POL
Mateusz Jasinski,/en/players/91137409/Mateusz-Jasinski,True,2021-2024,DF,"Wolfsburg U19, Wolfsburg U17",POL
Dennis Jastrzembski,/en/players/6bba916f/Dennis-Jastrzembski,True,2016-2024,"FW,MF","Śląsk Wrocław, Düsseldorf, Hertha BSC U19, Hertha BSC U17, Hertha BSC, Mannheim, Paderborn 07",POL
Dżesika Jaszek,/en/players/2c3ba2cb/Dzesika-Jaszek,True,2019,FW,Poland,POL
Konrad Jałocha,/en/players/53cea6b8/Konrad-Jalocha,True,2013-2024,GK,"Stal Mielec, Arka Gdynia, Legia Warszawa",POL
Klaudia Jedlińska,/en/players/0c9ade25/Klaudia-Jedlinska,True,2021-2025,FW,"Dijon, Poland",POL
Jakub Jędrasik,/en/players/f89d91fc/Jakub-Jedrasik,True,2022-2023,MF,,POL
Arkadiusz Jędrych,/en/players/d9d7aaf7/Arkadiusz-Jedrych,True,2018-2019,DF,Zagl Sosnowiec,POL
Artur Jędrzejczyk,/en/players/d1943c8b/Artur-Jedrzejczyk,True,2006-2024,DF,"Legia Warsaw, Krasnodar, Poland, Korona Kielce",POL
Jakub Jezierski,/en/players/6b258e64/Jakub-Jezierski,True,2023-2024,MF,Śląsk Wrocław,POL
Kacper Jodlowski,/en/players/e77a730c/Kacper-Jodlowski,True,2022-2024,MF,Cracovia,POL
Tomasz Jodłowiec,/en/players/09eb018f/Tomasz-Jodlowiec,True,2006-2022,"DF,MF","Legia Warszawa, Polonia Warszawa, Piast Gliwice, Dyskobolia, Poland, Śląsk Wrocław",POL
Dominik Jończy,/en/players/063157f2/Dominik-Jonczy,True,2016-2021,DF,Zagłębie Lubin,POL
Szymon Jopek,/en/players/ba49b925/Szymon-Jopek,True,2016-2017,DF,,POL
Kamil Jóźwiak,/en/players/bd4e3824/Kamil-Jozwiak,True,2015-2024,"FW,MF","Granada, Lech Poznań, Derby County, Charlotte FC, Poland",POL
Ivo Kaczmarski,/en/players/3cc7d59f/Ivo-Kaczmarski,True,2019-2022,MF,"Korona Kielce, Raków Częstochowa",POL
Weronika Kaczor,/en/players/d35c3a12/Weronika-Kaczor,True,2020-2024,MF,Nürnberg,POL
Damian Kądzior,/en/players/bb6c6331/Damian-Kadzior,True,2012-2024,MF,"Piast Gliwice, Dinamo Zagreb, Górnik Zabrze, Alanyaspor, Eibar, Poland, Jagiellonia",POL
Daniel Kajzer,/en/players/cafa5aed/Daniel-Kajzer,True,2017-2024,GK,Botev Plovdiv,POL
Bartlomiej Kaldunski,/en/players/0a88ac41/Bartlomiej-Kaldunski,True,2022-2023,GK,,POL
Marcel Kalemba,/en/players/5b55d002/Marcel-Kalemba,True,2021-2024,MF,"Mainz 05 U19, Mainz 05 U17",POL
Bartłomiej Kalinkowski,/en/players/7adbe1da/Bartlomiej-Kalinkowski,True,2014-2022,MF,"Górnik Łęczna, ŁKS Łódź, Legia Warszawa",POL
Ewelina Kamczyk,/en/players/21699b45/Ewelina-Kamczyk,True,2017-2025,"FW,MF","Fleury, Poland",POL
Dariusz Kaminski,/en/players/cc4b24a5/Dariusz-Kaminski,True,2017-2018,MF,,POL
Jakub Kamiński,/en/players/202b3b68/Jakub-Kaminski,True,2019-2024,"FW,MF","Wolfsburg, Poland, Lech Poznań",POL
Krzysztof Kamiński,/en/players/d032e7f8/Krzysztof-Kaminski,True,2012-2024,GK,"Ruch Chorzów, Júbilo Iwata, Wisła Płock",POL
Marcin Kamiński,/en/players/463503e2/Marcin-Kaminski,True,2009-2024,DF,"Schalke 04, Lech Poznań, Stuttgart, Fortuna Düsseldorf, Poland",POL
Wiktor Kamiński,/en/players/fdcf526c/Wiktor-Kaminski,True,2022-2024,FW,Warta Poznań,POL
Radosław Kanach,/en/players/6e8eb803/Radoslaw-Kanach,True,2016-2022,MF,Cracovia,POL
Bartosz Kapustka,/en/players/7364c4d1/Bartosz-Kapustka,True,2013-2024,MF,"Legia Warsaw, Cracovia, OH Leuven, Leicester City U23, Poland, Freiburg, Leicester City",POL
Michał Kaput,/en/players/f606749f/Michal-Kaput,True,2021-2024,MF,"Radomiak Radom, Piast Gliwice",POL
Michał Karbownik,/en/players/1b280c66/Michal-Karbownik,True,2019-2024,DF,"Hertha BSC, Poland, Legia Warsaw, Düsseldorf, Olympiacos",POL
Filip Karbowy,/en/players/a72c7373/Filip-Karbowy,True,2023-2024,MF,Piast Gliwice,POL
Nikola Karczewska,/en/players/ea832df1/Nikola-Karczewska,True,2019-2025,FW,"Leverkusen, Poland, Fleury, Tottenham Hotspur",POL
Konrad Kasolik,/en/players/ea52dd95/Konrad-Kasolik,True,2023-2024,DF,Ruch Chorzów,POL
Arkadiusz Kasparkiewicz,/en/players/76db86e5/Arkadiusz-Kasparkiewicz,True,2019-2023,DF,"Stal Mielec, Raków Częstochowa",POL
Bartłomiej Kasprzak,/en/players/2daf7ed5/Bartlomiej-Kasprzak,True,2012-2018,MF,"Widzew Łódź, Sandecja Nowy Sącz",POL
Jakub Kałuziński,/en/players/28683ce2/Jakub-Kaluzinski,True,2019-2024,MF,"Antalyaspor, Lechia Gdańsk",POL
Tomasz Kędziora,/en/players/dc52c72f/Tomasz-Kedziora,True,2012-2024,DF,"PAOK, Poland, Dynamo Kyiv, Lech Poznań",POL
Katarzyna Kiedrzynek,/en/players/61edfc33/Katarzyna-Kiedrzynek,True,2016-2025,GK,"Paris Saint-Germain, Poland, Wolfsburg",POL
Paweł Kieszek,/en/players/8dbddd2b/Pawel-Kieszek,True,2003-2022,GK,"Córdoba, Rio Ave, Vitória Setúbal, Estoril, Polonia Warszawa, Roda JC Kerkrade, Wisła Kraków, Braga,",POL
Jakub Kiełb,/en/players/71f546a6/Jakub-Kielb,True,2020-2024,"DF,MF",Warta Poznań,POL
Maciej Kikolski,/en/players/90da2ce7/Maciej-Kikolski,True,2021-2022,GK,,POL
Gabriel Kirejczyk,/en/players/e0f7a7a3/Gabriel-Kirejczyk,True,2022-2024,FW,Piast Gliwice,POL
Jakub Kisiel,/en/players/0e969bd3/Jakub-Kisiel,True,2020-2023,DF,Legia Warsaw,POL
Jakub Kiwior,/en/players/dc3e663e/Jakub-Kiwior,True,2021-2024,"DF,MF","Arsenal, Poland, Spezia",POL
Bartosz Klebaniuk,/en/players/83fc85f8/Bartosz-Klebaniuk,True,2021-2024,GK,Pogoń Szczecin,POL
Lukas Klemenz,/en/players/a1a68fc3/Lukas-Klemenz,True,2014-2023,"DF,MF","Wisła Kraków, Honvéd, Korona Kielce, Jagiellonia",POL
Mateusz Klich,/en/players/282679b4/Mateusz-Klich,True,2008-2024,MF,"D.C. United, Leeds United, Cracovia, Zwolle, Poland, Twente, Kaiserslautern, Utrecht",POL
Patryk Klimala,/en/players/0bf3c11c/Patryk-Klimala,True,2016-2024,FW,"Śląsk Wrocław, New York Red Bulls, Jagiellonia, Celtic",POL
Adrian Klimczak,/en/players/0969b36d/Adrian-Klimczak,True,2018-2020,DF,ŁKS Łódź,POL
Antoni Klimek,/en/players/3a7d1590/Antoni-Klimek,True,2023-2024,MF,Widzew Łódź,POL
Lucjan Klisiewicz,/en/players/4a5b7826/Lucjan-Klisiewicz,True,2023-2024,FW,Puszcza Niepołomice,POL
Tymoteusz Klupś,/en/players/9050633b/Tymoteusz-Klups,True,2017-2021,MF,Lech Poznań,POL
Karol Knap,/en/players/7d36ffb1/Karol-Knap,True,2021-2024,MF,Cracovia,POL
Olaf Kobacki,/en/players/4bfa13ab/Olaf-Kobacki,True,2022-2023,MF,Miedź Legnica,POL
Szymon Kobusiński,/en/players/2a77660b/Szymon-Kobusinski,True,2022-2023,DF,Zagłębie Lubin,POL
Gabriel Kobylak,/en/players/ede21722/Gabriel-Kobylak,True,2022-2024,GK,"Radomiak Radom, Legia Warsaw",POL
Martin Kobylański,/en/players/43d6f1ad/Martin-Kobylanski,True,2011-2024,"FW,MF","Mannheim, Preußen Münster, Eintracht Braunschweig, 1860 Munich, Union Berlin, Werder Bremen II, Werd",POL
Filip Kocaba,/en/players/551a79fc/Filip-Kocaba,True,2022-2024,MF,Zagłębie Lubin,POL
Mateusz Kochalski,/en/players/1e0467cb/Mateusz-Kochalski,True,2021-2024,GK,Stal Mielec,POL
Dawid Kocyła,/en/players/d9edc35b/Dawid-Kocyla,True,2019-2023,MF,"Wisła Płock, Bruk-Bet Termalica Nieciecza",POL
Michał Koj,/en/players/4dda6132/Michal-Koj,True,2013-2024,DF,"Puszcza Niepołomice, Górnik Zabrze, Ruch Chorzów, Pogoń Szczecin",POL
Lennart Kökelsum,/en/players/5df51b58/Lennart-Kokelsum,True,2020-2021,GK,,POL
Milena Kokosz,/en/players/a2af3ccd/Milena-Kokosz,True,2021-2024,MF,"Åsane Fotball Damer, Arna-Bjørnar",POL
Krzysztof Kolanko,/en/players/02c4bfbb/Krzysztof-Kolanko,True,2022-2024,FW,Górnik Zabrze,POL
Bartlomiej Kolec,/en/players/b48822e9/Bartlomiej-Kolec,True,2022-2024,MF,Cracovia,POL
Kewin Komar,/en/players/6b273941/Kewin-Komar,True,2023-2024,GK,Puszcza Niepołomice,POL
Aleksander Komor,/en/players/7a8c53b1/Aleksander-Komor,True,2016-2021,DF,"Górnik Łęczna, Podbeskidzie",POL
Katarzyna Konat,/en/players/63e96d6d/Katarzyna-Konat,True,2019-2024,DF,"Sporting de Huelva, ASD Calcio Pomigliano",POL
Martin Konczkowski,/en/players/08462434/Martin-Konczkowski,True,2012-2024,"DF,MF","Śląsk Wrocław, Piast Gliwice, Ruch Chorzów",POL
Jakub Konstantyn,/en/players/0cc9a7ff/Jakub-Konstantyn,True,2022-2024,MF,Korona Kielce,POL
Bartosz Kopacz,/en/players/e26277fc/Bartosz-Kopacz,True,2012-2024,DF,"Zagłębie Lubin, Lechia Gdańsk, Górnik Zabrze",POL
David Kopacz,/en/players/302cfdfb/David-Kopacz,True,2016-2024,"FW,MF","Ingolstadt, Würzburger Kickers, Dortmund U19, Górnik Zabrze",POL
Michał Kopczyński,/en/players/36d36690/Michal-Kopczynski,True,2012-2024,"FW,MF","Warta Poznań, Legia Warszawa, Wellington Phoenix, Arka Gdynia",POL
Filip Koperski,/en/players/6e5fdd62/Filip-Koperski,True,2020-2023,MF,Lechia Gdańsk,POL
Dominika Kopińska,/en/players/a5d5a749/Dominika-Kopinska,True,2019-2024,FW,"Fleury, Poland",POL
Oskar Koprowski,/en/players/1d4e53b4/Oskar-Koprowski,True,2023-2024,DF,ŁKS Łódź,POL
Wiktor Koptas,/en/players/b46c1650/Wiktor-Koptas,True,2023-2024,GK,Radomiak Radom,POL
Olaf Korczakowski,/en/players/5e96da75/Olaf-Korczakowski,True,2023-2024,MF,Pogoń Szczecin,POL
Dawid Kort,/en/players/29907a38/Dawid-Kort,True,2012-2022,MF,"Pogoń Szczecin, Wisła Kraków, Stal Mielec, Atromitos",POL
Nikolas Korzeniecki,/en/players/fd2b5b4d/Nikolas-Korzeniecki,True,2022-2023,MF,,POL
Kamil Kościelny,/en/players/95bf27a8/Kamil-Koscielny,True,2019-2023,DF,"Stal Mielec, Warta Poznań, Raków Częstochowa",POL
Kacper Kostorz,/en/players/38ffe644/Kacper-Kostorz,True,2019-2024,FW,"Den Bosch, Korona Kielce, Legia Warsaw, Pogoń Szczecin",POL
Adrian Kostrzewski,/en/players/a5a9babf/Adrian-Kostrzewski,True,2021-2022,GK,,POL
Kacper Kowalczyk,/en/players/fb085ec0/Kacper-Kowalczyk,True,2021-2024,GK,Reading FC U21,POL
Mateusz Kowalczyk,/en/players/981fb761/Mateusz-Kowalczyk,True,2023-2024,MF,Brøndby,POL
Sebastian Kowalczyk,/en/players/1ea1a59a/Sebastian-Kowalczyk,True,2016-2024,MF,"Pogoń Szczecin, Houston Dynamo",POL
Mateusz Kowalski,/en/players/d2bb908c/Mateusz-Kowalski,True,2021-2023,FW,Jagiellonia,POL
Dawid Kownacki,/en/players/be5e1c4c/Dawid-Kownacki,True,2013-2024,"FW,MF","Werder Bremen, Lech Poznań, Fortuna Düsseldorf, Sampdoria, Poland",POL
Kinga Kozak,/en/players/dc57feaf/Kinga-Kozak,True,2021-2025,FW,Poland,POL
Miłosz Kozak,/en/players/a5c8d4df/Milosz-Kozak,True,2021-2024,MF,"Ruch Chorzów, Radomiak Radom",POL
Antoni Kozubal,/en/players/23c76070/Antoni-Kozubal,True,2020-2023,MF,,POL
Filip Kozłowski,/en/players/698d2d33/Filip-Kozlowski,True,2013-2015,FW,Pogoń Szczecin,POL
Kacper Kozłowski,/en/players/3ece036c/Kacper-Kozlowski,True,2018-2024,"FW,MF","Vitesse, Poland, Pogoń Szczecin, Union SG",POL
Michał Kołba,/en/players/417bb9ab/Michal-Kolba,True,2019-2024,GK,ŁKS Łódź,POL
Adam Kramarz,/en/players/be07beb5/Adam-Kramarz,True,2023-2024,MF,Puszcza Niepołomice,POL
Daniel Krasucki,/en/players/2849bac2/Daniel-Krasucki,True,2019-2022,MF,"RB Leipzig U17, RB Leipzig U19",POL
Piotr Krawczyk,/en/players/5e3c87c4/Piotr-Krawczyk,True,2019-2024,FW,Górnik Zabrze,POL
Nadia Krezyman,/en/players/209efb89/Nadia-Krezyman,True,2024-2025,FW,Poland,POL
Michał Król,/en/players/6d31dd61/Michal-Krol,True,2021-2022,DF,,POL
Kamil Kruk,/en/players/0c71c754/Kamil-Kruk,True,2019-2024,DF,"Zagłębie Lubin, Stal Mielec",POL
Karina Kruk,/en/players/e836e30a/Karina-Kruk,True,2023-2024,FW,Standard Liège,POL
Grzegorz Krychowiak,/en/players/580d52dd/Grzegorz-Krychowiak,True,2010-2024,MF,"Poland, Abha, Reims, Lokomotiv Moscow, Sevilla, West Bromwich Albion, Al-Shabab, Nantes, Paris Saint",POL
Bartolomiej Krysiak,/en/players/372918a4/Bartolomiej-Krysiak,True,2022-2024,DF,"Mönchengladbach U19, Mönchengladbach U17",POL
Kacper Krzepisz,/en/players/af5d93df/Kacper-Krzepisz,True,2018-2020,GK,,POL
Jan Krzywański,/en/players/b4a6ed99/Jan-Krzywanski,True,2023-2024,GK,Widzew Łódź,POL
Oskar Krzyzak,/en/players/c73e4314/Oskar-Krzyzak,True,2020-2024,DF,"Warta Poznań, Raków Częstochowa",POL
Krzysztof Kubica,/en/players/205ca384/Krzysztof-Kubica,True,2018-2023,MF,"Górnik Zabrze, Benevento",POL
Jarosław Kubicki,/en/players/19d146fe/Jaroslaw-Kubicki,True,2013-2024,MF,"Jagiellonia, Lechia Gdańsk, Zagłębie Lubin",POL
Kacper Kucharczyk,/en/players/d02c2826/Kacper-Kucharczyk,True,2023-2024,FW,Korona Kielce,POL
Michał Kucharczyk,/en/players/0cebd856/Michal-Kucharczyk,True,2010-2023,"FW,MF","Legia Warszawa, Pogoń Szczecin, Ural Yekaterinburg, Poland",POL
Mateusz Kuchta,/en/players/220def22/Mateusz-Kuchta,True,2014-2019,GK,,POL
Dawid Kudła,/en/players/b8c2b7c0/Dawid-Kudla,True,2013-2021,GK,"Pogoń Szczecin, Zagl Sosnowiec",POL
Krystian Kujawa,/en/players/87c65cc8/Krystian-Kujawa,True,2015-2017,DF,,POL
Bartłomiej Kukułowicz,/en/players/60a7467c/Bartlomiej-Kukulowicz,True,2021-2022,DF,Bruk-Bet Termalica Nieciecza,POL
Natalia Kulig,/en/players/f715944a/Natalia-Kulig,True,2022,MF,,POL
Dominik Kun,/en/players/16bbe420/Dominik-Kun,True,2013-2024,MF,"Widzew Łódź, Pogoń Szczecin, Wisła Płock",POL
Patryk Kun,/en/players/33b5db14/Patryk-Kun,True,2017-2024,MF,"Legia Warsaw, Raków Częstochowa, Arka Gdynia",POL
Mateusz Kupczak,/en/players/11c78383/Mateusz-Kupczak,True,2013-2024,"DF,MF","Warta Poznań, Bruk-Bet Termalica Nieciecza, Podbeskidzie",POL
Tomasz Kupisz,/en/players/162fc0b3/Tomasz-Kupisz,True,2010-2024,"DF,MF","Jagiellonia, Brescia, Salernitana, Cesena, Novara, Cittadella, Trapani, Reggina, Ascoli, Pordenone C",POL
Dawid Kurminowski,/en/players/94d166d4/Dawid-Kurminowski,True,2021-2024,FW,"Zagłębie Lubin, AGF",POL
Krzysztof Kurowski,/en/players/ea678ad0/Krzysztof-Kurowski,True,2023-2024,MF,Śląsk Wrocław,POL
Miłosz Kurowski,/en/players/f3f71ed0/Milosz-Kurowski,True,2023-2024,DF,Śląsk Wrocław,POL
Filip Kurto,/en/players/26e9f694/Filip-Kurto,True,2010-2024,GK,"Macarthur FC, Roda JC Kerkrade, Western United, Dordrecht, Wellington Phoenix, Excelsior",POL
Rafał Kurzawa,/en/players/3d3b0206/Rafal-Kurzawa,True,2013-2024,MF,"Pogoń Szczecin, Górnik Zabrze, Amiens, Esbjerg, Poland, Midtjylland",POL
Mateusz Kustosz,/en/players/63441334/Mateusz-Kustosz,True,2022-2024,GK,Warta Poznań,POL
Patryk Kusztal,/en/players/9bf318b3/Patryk-Kusztal,True,2021-2024,DF,Zagłębie Lubin,POL
Jakub Kuzdra,/en/players/a6dfde1f/Jakub-Kuzdra,True,2015-2022,"DF,MF",Warta Poznań,POL
Ksawery Kwiatkowski,/en/players/f8a85660/Ksawery-Kwiatkowski,True,2023-2024,DF,Ruch Chorzów,POL
Pawel Kwiatkowski,/en/players/5c18bbad/Pawel-Kwiatkowski,True,2023-2024,DF,Widzew Łódź,POL
Bartosz Kwiecień,/en/players/9eec9b8e/Bartosz-Kwiecien,True,2012-2024,"DF,MF","Korona Kielce, Jagiellonia",POL
Wiktor Kłos,/en/players/7e8d16cc/Wiktor-Klos,True,2021-2022,MF,Stal Mielec,POL
Bartłomiej Kłudka,/en/players/781f8143/Bartlomiej-Kludka,True,2021-2024,DF,Zagłębie Lubin,POL
Oskar Lachowicz,/en/players/3586e686/Oskar-Lachowicz,True,2023-2024,MF,Spezia,POL
Mikołaj Lebedyński,/en/players/48189004/Mikolaj-Lebedynski,True,2011-2023,FW,"Roda JC Kerkrade, Stal Mielec, Wisła Płock, Podbeskidzie, Häcken",POL
Ben Lederman,/en/players/f0e59e3a/Ben-Lederman,True,2019-2024,MF,"Raków Częstochowa, Poland",POL
Klaudia Lefeld,/en/players/8332db2d/Klaudia-Lefeld,True,2022-2025,FW,"Poland, Grasshopper",POL
Paweł Lenarcik,/en/players/dd68228e/Pawel-Lenarcik,True,2014-2023,GK,Miedź Legnica,POL
Oskar Lesniak,/en/players/ccf801a2/Oskar-Lesniak,True,2022-2024,FW,Piast Gliwice,POL
Rafał Leszczyński,/en/players/6325148e/Rafal-Leszczynski,True,2014-2024,GK,"Śląsk Wrocław, Podbeskidzie",POL
Jakub Letniowski,/en/players/54cfdeb9/Jakub-Letniowski,True,2023-2024,MF,ŁKS Łódź,POL
Juliusz Letniowski,/en/players/d1ea0ad8/Juliusz-Letniowski,True,2019-2024,MF,"Ruch Chorzów, Widzew Łódź, Lech Poznań",POL
Mateusz Lewandowski,/en/players/bfe15e6b/Mateusz-Lewandowski,True,2016-2023,FW,"Wisła Płock, Freiburg U19",POL
Robert Lewandowski,/en/players/8d78e732/Robert-Lewandowski,True,2008-2024,FW,"Bayern Munich, Poland, Barcelona, Borussia Dortmund, Lech Poznań",POL
Jakub Lewicki,/en/players/f725ab3a/Jakub-Lewicki,True,2022-2024,DF,Jagiellonia,POL
Szymon Lewkot,/en/players/870e502a/Szymon-Lewkot,True,2020-2024,MF,Śląsk Wrocław,POL
Karol Linetty,/en/players/d023d70f/Karol-Linetty,True,2012-2024,MF,"Torino, Poland, Sampdoria, Lech Poznań",POL
Adrian Lis,/en/players/6b372623/Adrian-Lis,True,2020-2024,GK,Warta Poznań,POL
Mateusz Lis,/en/players/fd78b105/Mateusz-Lis,True,2015-2023,GK,"Wisła Kraków, Altay, Troyes",POL
Robin Lisewski,/en/players/1528c21a/Robin-Lisewski,True,2021-2024,GK,"Dortmund U19, Dortmund U17",POL
Kornel Lisman,/en/players/eefc89c1/Kornel-Lisman,True,2023-2024,FW,Lech Poznań,POL
Wojciech Lisowski,/en/players/d90ca538/Wojciech-Lisowski,True,2012-2024,DF,"Pogoń Szczecin, Stal Mielec",POL
Marcin Listkowski,/en/players/a3695ac2/Marcin-Listkowski,True,2014-2024,"FW,MF","Lecce, Calcio Lecco 1912, Pogoń Szczecin, Brescia",POL
Piotr Liszewski,/en/players/26e98ee9/Piotr-Liszewski,True,2022-2024,DF,Piast Gliwice,POL
Mieszko Lorenc,/en/players/b25d7029/Mieszko-Lorenc,True,2019-2024,DF,ŁKS Łódź,POL
Tomasz Loska,/en/players/5691fcfe/Tomasz-Loska,True,2017-2022,GK,"Górnik Zabrze, Bruk-Bet Termalica Nieciecza",POL
Marcel Lotka,/en/players/5584552e/Marcel-Lotka,True,2016-2024,GK,"Dortmund II, Dortmund, Leverkusen U19, Leverkusen U17, Rot-Weiss Essen U17, Hertha BSC",POL
Kacper Lukasiak,/en/players/ac7a9560/Kacper-Lukasiak,True,2021-2022,MF,,POL
Kamil Lukoszek,/en/players/9de54153/Kamil-Lukoszek,True,2019-2024,FW,Górnik Zabrze,POL
Sylwester Lusiusz,/en/players/65871d81/Sylwester-Lusiusz,True,2017-2024,MF,Cracovia,POL
Jakub Lutostanski,/en/players/3b42eb48/Jakub-Lutostanski,True,2021-2024,FW,"Śląsk Wrocław, Jagiellonia",POL
Mateusz Machaj,/en/players/8e622414/Mateusz-Machaj,True,2008-2019,MF,"Lechia Gdańsk, Śląsk Wrocław, Jagiellonia",POL
Sebastian Madejski,/en/players/6ef37621/Sebastian-Madejski,True,2014-2024,GK,Cracovia,POL
Jakub Mądrzyk,/en/players/ccc2e34a/Jakub-Madrzyk,True,2021-2022,GK,,POL
Filip Majchrowicz,/en/players/4d907967/Filip-Majchrowicz,True,2021-2024,GK,Radomiak Radom,POL
Jordan Majchrzak,/en/players/2e7dafe5/Jordan-Majchrzak,True,2022-2024,FW,Puszcza Niepołomice,POL
Radosław Majecki,/en/players/20de219a/Radoslaw-Majecki,True,2016-2024,GK,"Monaco, Legia Warszawa, Cercle Brugge",POL
Przemysław Majewski,/en/players/2eb5a3e1/Przemyslaw-Majewski,True,2020-2024,DF,Stal Mielec,POL
Radosław Majewski,/en/players/cfb2e682/Radoslaw-Majewski,True,2006-2019,MF,"Nottingham Forest, Lech Poznań, Dyskobolia, Pogoń Szczecin, Polonia Warszawa, Veria, Huddersfield To",POL
Jan Majsterek,/en/players/28c8ceeb/Jan-Majsterek,True,2020-2022,DF,,POL
Mateusz Mak,/en/players/186f2966/Mateusz-Mak,True,2011-2023,MF,"Stal Mielec, Piast Gliwice, GKS Bełchatów",POL
Rafał Makowski,/en/players/83191c4f/Rafal-Makowski,True,2015-2024,DF,"Kisvárda, Śląsk Wrocław, Legia Warszawa",POL
Tomasz Makowski,/en/players/ef138ba3/Tomasz-Makowski,True,2018-2024,MF,"Zagłębie Lubin, Lechia Gdańsk",POL
Patryk Makuch,/en/players/f1840607/Patryk-Makuch,True,2018-2024,FW,"Cracovia, Miedź",POL
Maciej Makuszewski,/en/players/38db2443/Maciej-Makuszewski,True,2010-2021,MF,"Lech Poznań, Jagiellonia, Lechia Gdańsk, Vitória Setúbal, Terek Grozny, Poland",POL
Patryk Malamis,/en/players/f412be70/Patryk-Malamis,True,2023-2024,MF,Raków Częstochowa,POL
Piotr Malarczyk,/en/players/56520676/Piotr-Malarczyk,True,2009-2024,DF,"Korona Kielce, Cracovia, Piast Gliwice, Ipswich Town",POL
Mariusz Malec,/en/players/016d0fb5/Mariusz-Malec,True,2018-2024,DF,Pogoń Szczecin,POL
Rafal Mamla,/en/players/8d293db4/Rafal-Mamla,True,2022-2024,GK,Korona Kielce,POL
Filip Marchwiński,/en/players/55a88fd9/Filip-Marchwinski,True,2018-2024,MF,"Lech Poznań, Poland",POL
Adam Marciniak,/en/players/844dbb25/Adam-Marciniak,True,2006-2024,"DF,MF","ŁKS Łódź, Arka Gdynia, Cracovia, Górnik Zabrze",POL
Michał Marcjanik,/en/players/122504c2/Michal-Marcjanik,True,2016-2020,DF,"Arka Gdynia, Wisła Płock",POL
Dominik Marczuk,/en/players/dc010d26/Dominik-Marczuk,True,2023-2024,MF,Jagiellonia,POL
Mateusz Marzec,/en/players/ced4119d/Mateusz-Marzec,True,2020-2021,MF,Podbeskidzie,POL
Kacper Masiak,/en/players/569f746d/Kacper-Masiak,True,2021-2024,MF,Raków Częstochowa,POL
Mateusz Matras,/en/players/b640aa9b/Mateusz-Matras,True,2012-2024,"DF,MF","Stal Mielec, Pogoń Szczecin, Piast Gliwice, Górnik Zabrze, Zagłębie Lubin, Lechia Gdańsk",POL
Adam Matuszczyk,/en/players/ed07855f/Adam-Matuszczyk,True,2009-2021,MF,"Köln, Zagłębie Lubin, Uerdingen, Eintracht Braunschweig, Fortuna Düsseldorf",POL
Konrad Matuszewski,/en/players/8f11d1da/Konrad-Matuszewski,True,2021-2024,MF,Warta Poznań,POL
Hubert Matynia,/en/players/c05cf68b/Hubert-Matynia,True,2014-2023,DF,"Pogoń Szczecin, Miedź Legnica",POL
Miłosz Matysik,/en/players/9db95de0/Milosz-Matysik,True,2020-2024,DF,Jagiellonia,POL
Sylwia Matysik,/en/players/b2d4690f/Sylwia-Matysik,True,2017-2025,"DF,MF","Leverkusen, Poland",POL
Kamil Mazek,/en/players/9e9465c0/Kamil-Mazek,True,2014-2020,MF,"Ruch Chorzów, Zagłębie Lubin",POL
Oliwier Maziarz,/en/players/1febc329/Oliwier-Maziarz,True,2023-2024,MF,Nürnberg U19,POL
Adrian Małachowski,/en/players/675156b9/Adrian-Malachowski,True,2020-2024,MF,"ŁKS Łódź, Magdeburg, Mannheim",POL
Sebastian Małkowski,/en/players/1fa193f0/Sebastian-Malkowski,True,2009-2024,GK,"Worksop Town FC, Lechia Gdańsk",POL
Mateusz Medrala,/en/players/4decc3c2/Mateusz-Medrala,True,2022-2023,GK,,POL
Małgorzata Mesjasz,/en/players/81338d4f/Malgorzata-Mesjasz,True,2019-2025,DF,"Poland, Milan, Turbine Potsdam",POL
Konrad Michalak,/en/players/d2047a08/Konrad-Michalak,True,2016-2024,MF,"Konyaspor, Rizespor, Wisła Płock, Lechia Gdańsk, Ankaragücü, Akhmat Grozny",POL
Damian Michalik,/en/players/545e746b/Damian-Michalik,True,2015-2016,MF,,POL
Damian Michalski,/en/players/aab40762/Damian-Michalski,True,2019-2024,DF,"Greuther Fürth, Wisła Płock",POL
Kacper Michalski,/en/players/8208cc8c/Kacper-Michalski,True,2018-2024,DF,"Ruch Chorzów, Górnik Zabrze",POL
Michał Mikołajczak,/en/players/5049d67b/Michal-Mikolajczak,True,2023-2024,Rostocker FC,,POL
Daniel Mikołajewski,/en/players/602d9ea7/Daniel-Mikolajewski,True,2018-2021,MF,Raków Częstochowa,POL
Antoni Mikułko,/en/players/59cbad7d/Antoni-Mikulko,True,2020-2023,GK,,POL
Sebastian Milewski,/en/players/fd896bca/Sebastian-Milewski,True,2018-2021,MF,"Piast Gliwice, Zagl Sosnowiec",POL
Arkadiusz Milik,/en/players/85613cf0/Arkadiusz-Milik,True,2011-2024,FW,"Juventus, Poland, Napoli, Ajax, Marseille, Górnik Zabrze, Augsburg, Bayer Leverkusen",POL
Wilfried Misiak,/en/players/fc6dd6c4/Wilfried-Misiak,True,2022-2024,FW,Jura Dolois Foot,POL
Cezary Miszta,/en/players/b9139383/Cezary-Miszta,True,2018-2024,GK,"Rio Ave, Legia Warszawa",POL
Miłosz Mleczko,/en/players/09ab0585/Milosz-Mleczko,True,2016-2020,GK,,POL
Antoni Mlynarczyk,/en/players/c48d00d4/Antoni-Mlynarczyk,True,2023-2024,MF,ŁKS Łódź,POL
Jakub Moder,/en/players/f230bc30/Jakub-Moder,True,2017-2024,MF,"Brighton & Hove Albion, Poland, Brighton & Hove Albion U21, Lech Poznań",POL
Michał Mokrzycki,/en/players/e7510416/Michal-Mokrzycki,True,2016-2024,MF,"ŁKS Łódź, Wisła Płock",POL
Tomasz Mokwa,/en/players/fb04f12a/Tomasz-Mokwa,True,2014-2024,DF,Piast Gliwice,POL
Mikolaj Molendowski,/en/players/55893356/Mikolaj-Molendowski,True,2023-2024,MF,Radomiak Radom,POL
Łukasz Moneta,/en/players/a83f9fda/Lukasz-Moneta,True,2014-2024,MF,"Ruch Chorzów, Zagłębie Lubin",POL
Wojciech Mońka,/en/players/64bff809/Wojciech-Monka,True,2023-2024,DF,Lech Poznań,POL
Paweł Moskwik,/en/players/af7ceebb/Pawel-Moskwik,True,2014-2017,DF,Piast Gliwice,POL
Ariel Mosór,/en/players/421c75dc/Ariel-Mosor,True,2019-2024,DF,Piast Gliwice,POL
Tobiasz Mras,/en/players/6d4fe117/Tobiasz-Mras,True,2023-2024,FW,Raków Częstochowa,POL
Sebastian Mrowca,/en/players/b90bc281/Sebastian-Mrowca,True,2013-2024,"DF,MF","Preußen Münster, Wehen Wiesbaden",POL
Marek Mróz,/en/players/b8c9b214/Marek-Mroz,True,2023-2024,MF,Zagłębie Lubin,POL
Bartosz Mrozek,/en/players/d5ba587d/Bartosz-Mrozek,True,2017-2024,GK,"Lech Poznań, Stal Mielec",POL
Fabian Mrozek,/en/players/927eecf9/Fabian-Mrozek,True,2020-2024,GK,"Liverpool U21, Liverpool",POL
Piotr Mroziński,/en/players/85d2f29d/Piotr-Mrozinski,True,2010-2024,DF,"Puszcza Niepołomice, Widzew Łódź",POL
Patryk Mucha,/en/players/95f1dd40/Patryk-Mucha,True,2018-2020,MF,,POL
Radosław Murawski,/en/players/0aebf20f/Radoslaw-Murawski,True,2012-2024,MF,"Lech Poznań, Piast Gliwice, Palermo, Denizlispor",POL
Mateusz Musialowski,/en/players/c24014d7/Mateusz-Musialowski,True,2021-2024,FW,"Liverpool U21, Liverpool, Liverpool U23",POL
Sebastian Musiolik,/en/players/b256eab2/Sebastian-Musiolik,True,2015-2024,FW,"Górnik Zabrze, Raków Częstochowa, Pordenone Calcio, Piast Gliwice",POL
Przemysław Mystkowski,/en/players/4df0cca9/Przemyslaw-Mystkowski,True,2013-2022,MF,Jagiellonia,POL
Jakub Myszor,/en/players/1fef21c2/Jakub-Myszor,True,2020-2024,FW,"Cracovia, Raków Częstochowa",POL
Mateusz Młyński,/en/players/533bb348/Mateusz-Mlynski,True,2018-2022,MF,"Arka Gdynia, Wisła Kraków",POL
Aleksander Nadolski,/en/players/59bd2d4b/Aleksander-Nadolski,True,2023-2024,MF,Lech Poznań,POL
Michał Nalepa,/en/players/dc884f0f/Michal-Nalepa,True,2013-2024,DF,"Zagłębie Lubin, Lechia Gdańsk, Ferencváros, Wisła Kraków",POL
Michał Nalepa,/en/players/eba0a98c/Michal-Nalepa,True,2016-2022,MF,"Arka Gdynia, Jagiellonia",POL
Maik Nawrocki,/en/players/f8817892/Maik-Nawrocki,True,2017-2024,DF,"Celtic, Legia Warsaw, Werder Bremen U19, Werder Bremen U17, Warta Poznań",POL
Tomasz Neugebauer,/en/players/f89c0cf1/Tomasz-Neugebauer,True,2021-2023,DF,Lechia Gdańsk,POL
Damian Niemczycki,/en/players/0db0abf4/Damian-Niemczycki,True,2023-2024,GK,Maidstone United,POL
Karol Niemczycki,/en/players/2db68a7e/Karol-Niemczycki,True,2017-2024,GK,"Düsseldorf, Cracovia",POL
David Niepsuj,/en/players/98484943/David-Niepsuj,True,2015-2021,DF,"Pogoń Szczecin, Wisła Kraków, Podbeskidzie",POL
Andrzej Niewulis,/en/players/c43800a0/Andrzej-Niewulis,True,2009-2023,DF,"Raków Częstochowa, Miedź Legnica",POL
Jarosław Niezgoda,/en/players/60c659b6/Jaroslaw-Niezgoda,True,2015-2023,FW,"Portland Timbers, Legia Warszawa, Ruch Chorzów",POL
Bartosz Nowak,/en/players/652c4865/Bartosz-Nowak,True,2016-2024,"FW,MF","Raków Częstochowa, Górnik Zabrze, Ruch Chorzów",POL
Konrad Nowak,/en/players/6856523f/Konrad-Nowak,True,2012-2019,"FW,MF",Górnik Zabrze,POL
Krystian Nowak,/en/players/170ad768/Krystian-Nowak,True,2012-2023,DF,"Widzew Łódź, Slaven Belupo, Podbeskidzie, Heart of Midlothian",POL
Jakub Nowakowski,/en/players/c2cf416d/Jakub-Nowakowski,True,2021-2023,MF,Radomiak Radom,POL
Junior Nsangou,/en/players/c6d7c2db/Junior-Nsangou,True,2022-2024,FW,Blackburn Rovers U21,POL
Kamil Ogorzały,/en/players/6d9c0a19/Kamil-Ogorzaly,True,2021-2024,MF,Cracovia,POL
Jakub Ojrzynski,/en/players/94e5390a/Jakub-Ojrzynski,True,2019-2024,GK,"Den Bosch, Liverpool U23",POL
Krystian Okoniewski,/en/players/d1387993/Krystian-Okoniewski,True,2022-2024,FW,Radomiak Radom,POL
Patryk Olejnik,/en/players/60bc9a70/Patryk-Olejnik,True,2022-2023,MF,,POL
Paweł Oleksy,/en/players/39b37523/Pawel-Oleksy,True,2012-2017,DF,"Ruch Chorzów, Piast Gliwice, Zagłębie Lubin",POL
Borys Oleniak,/en/players/b9304eb8/Borys-Oleniak,True,2023-2024,GK,Leverkusen U19,POL
Natalia Oleszkiewicz,/en/players/1af3fc10/Natalia-Oleszkiewicz,True,2024-2025,FW,Poland,POL
Paweł Olkowski,/en/players/896c126c/Pawel-Olkowski,True,2011-2024,"DF,MF","Górnik Zabrze, Köln, Gaziantep FK, Bolton Wanderers, Poland",POL
Joanna Olszewska,/en/players/3e29d000/Joanna-Olszewska,True,2019,MF,Poland,POL
Paweł Olszewski,/en/players/eff186e6/Pawel-Olszewski,True,2015-2024,DF,Jagiellonia,POL
Igor Orlikowski,/en/players/ac0cbac0/Igor-Orlikowski,True,2023-2024,DF,Zagłębie Lubin,POL
Kornel Osyra,/en/players/22c92422/Kornel-Osyra,True,2012-2023,DF,"Piast Gliwice, Bruk-Bet Termalica Nieciecza, PFC Hebar Pazardzhik, Miedź",POL
Max Oyedele,/en/players/1c6742d9/Max-Oyedele,True,2021-2024,MF,"Manchester United U21, Forest Green Rovers, Altrincham",POL
Norbert Pacławski,/en/players/94c2cd3b/Norbert-Paclawski,True,2020-2024,FW,Lech Poznań,POL
Natalia Padilla-Bidas,/en/players/218cf7c1/Natalia-Padilla-Bidas,True,2021-2025,"FW,MF","Poland, Köln, Servette",POL
Kamil Pajnowski,/en/players/344b33ff/Kamil-Pajnowski,True,2014-2024,DF,"Stal Mielec, Górnik Łęczna",POL
Ewa Pajor,/en/players/d47a1efd/Ewa-Pajor,True,2016-2025,FW,"Wolfsburg, Poland",POL
Krystian Palacz,/en/players/d5fe1a5f/Krystian-Palacz,True,2020-2021,DF,Lech Poznań,POL
Aleksander Paluszek,/en/players/86ed8590/Aleksander-Paluszek,True,2019-2024,DF,"Górnik Zabrze, Śląsk Wrocław",POL
Patryk Paryzek,/en/players/a7bfd1f7/Patryk-Paryzek,True,2023-2024,FW,Pogoń Szczecin,POL
Piotr Parzyszek,/en/players/c795d6b6/Piotr-Parzyszek,True,2012-2024,FW,"Emmen, De Graafschap, Piast Gliwice, Sint-Truiden, Frosinone, Pogoń Szczecin, Zwolle, Leganés, Rande",POL
Jakub Paszkowski,/en/players/86b132f1/Jakub-Paszkowski,True,2022-2024,MF,Warta Poznań,POL
Aleksander Pawlak,/en/players/11b3cbcc/Aleksander-Pawlak,True,2019-2023,MF,Wisła Płock,POL
Michał Pawlik,/en/players/4eaf2627/Michal-Pawlik,True,2013-2022,MF,"Västerås, Jagiellonia",POL
Tanja Pawollek,/en/players/7737e984/Tanja-Pawollek,True,2016-2024,MF,"Eintracht Frankfurt, Eintracht Frankfurt Women, Poland",POL
Bartłomiej Pawłowski,/en/players/232ac943/Bartlomiej-Pawlowski,True,2010-2024,"FW,MF","Widzew Łódź, Zagłębie Lubin, Śląsk Wrocław, Korona Kielce, Gaziantep FK, Lechia Gdańsk, Zawisza Bydg",POL
Dariusz Pawłowski,/en/players/99765afb/Dariusz-Pawlowski,True,2017-2023,MF,"Górnik Zabrze, Radomiak Radom",POL
Patryk Peda,/en/players/885c76c4/Patryk-Peda,True,2020-2024,DF,"Poland, SPAL",POL
Kamil Pestka,/en/players/596095da/Kamil-Pestka,True,2017-2024,DF,"Raków Częstochowa, Cracovia",POL
Fabian Piasecki,/en/players/ebadcb80/Fabian-Piasecki,True,2015-2024,FW,"Raków Częstochowa, Piast Gliwice, Śląsk Wrocław, Miedź, Stal Mielec",POL
Krzysztof Piątek,/en/players/17f3620a/Krzysztof-Piatek,True,2013-2024,FW,"İstanbul Başakşehir, Poland, Cracovia, Hertha BSC, Zagłębie Lubin, Milan, Salernitana, Genoa, Fioren",POL
Natalia Piątek,/en/players/cfdc5122/Natalia-Piatek,True,2022-2024,GK,St. Pölten,POL
Łukasz Piątek,/en/players/3c528618/Lukasz-Piatek,True,2005-2020,MF,"Polonia Warszawa, Zagłębie Lubin, Bruk-Bet Termalica Nieciecza, ŁKS Łódź",POL
Kamil Piątkowski,/en/players/2cf496fb/Kamil-Piatkowski,True,2019-2024,DF,"Red Bull Salzburg, Granada, Raków Częstochowa, Gent, Poland",POL
Kacper Piechota,/en/players/e3d2ab80/Kacper-Piechota,True,2023-2024,GK,Puszcza Niepołomice,POL
Marcel Pięczek,/en/players/5a4850c3/Marcel-Pieczek,True,2023-2024,DF,"Puszcza Niepołomice, Korona Kielce",POL
Tomasz Pieńko,/en/players/1fb02542/Tomasz-Pienko,True,2021-2024,MF,Zagłębie Lubin,POL
Igor Pieprzyca,/en/players/10edec6a/Igor-Pieprzyca,True,2023-2024,MF,Puszcza Niepołomice,POL
Daniel Pik,/en/players/b2e43314/Daniel-Pik,True,2018-2024,MF,"Radomiak Radom, Cracovia",POL
Bartosz Pikul,/en/players/3370fc13/Bartosz-Pikul,True,2015-2024,MF,"FK Pardubice, Opava",POL
Maksymilian Pingot,/en/players/e899ea21/Maksymilian-Pingot,True,2022-2024,DF,"Stal Mielec, Lech Poznań",POL
Jakub Piotrowski,/en/players/af686bed/Jakub-Piotrowski,True,2015-2024,MF,"Ludogorets Razgrad, Poland, Düsseldorf, Pogoń Szczecin, Genk, Waasland-Beveren",POL
Filip Piszczek,/en/players/48a69bf9/Filip-Piszczek,True,2017-2022,FW,"Cracovia, Sandecja Nowy Sącz, Trapani, Jagiellonia",POL
Dominik Piła,/en/players/ebb6578e/Dominik-Pila,True,2022-2023,MF,Lechia Gdańsk,POL
Artur Pląskowski,/en/players/4126a692/Artur-Plaskowski,True,2023-2024,FW,Ruch Chorzów,POL
Wiktor Pleśnierowicz,/en/players/509c9465/Wiktor-Plesnierowicz,True,2018-2024,DF,Warta Poznań,POL
Patryk Plewka,/en/players/a60e4d24/Patryk-Plewka,True,2018-2022,MF,Wisła Kraków,POL
Jakub Pochciol,/en/players/e5b88a6d/Jakub-Pochciol,True,2022-2024,MF,Górnik Zabrze,POL
Bartłomiej Poczobut,/en/players/8a92d4ee/Bartlomiej-Poczobut,True,2023-2024,MF,Puszcza Niepołomice,POL
Jacek Podgórski,/en/players/41bfd189/Jacek-Podgorski,True,2022-2024,MF,Korona Kielce,POL
Karol Podliński,/en/players/dcd46680/Karol-Podlinski,True,2020-2022,FW,Zagłębie Lubin,POL
Marek Polášek,/en/players/2de9bb42/Marek-Polasek,True,2019-2023,MF,,POL
Łukasz Poręba,/en/players/be98f358/Lukasz-Poreba,True,2018-2024,MF,"Hamburger SV, Zagłębie Lubin, Lens",POL
Albert Posiadala,/en/players/1cfb2a58/Albert-Posiadala,True,2022-2024,GK,"Radomiak Radom, Molde",POL
Marcel Potoczny,/en/players/aaa519fa/Marcel-Potoczny,True,2023-2024,GK,Ruch Chorzów,POL
Kacper Potulski,/en/players/5f3fd4c8/Kacper-Potulski,True,2023-2024,DF,"Mainz 05 U17, Mainz 05 U19",POL
Pascal Połoński,/en/players/dea6c134/Pascal-Polonski,True,2018-2021,DF,"Hamburger SV U17, Hamburger SV U19",POL
Mateusz Praszelik,/en/players/ec6773f5/Mateusz-Praszelik,True,2019-2024,MF,"Cosenza, Śląsk Wrocław, Legia Warsaw",POL
Damian Primel,/en/players/c1d64438/Damian-Primel,True,2020-2022,GK,Stal Mielec,POL
Andreja Prokić,/en/players/2a8be67b/Andreja-Prokic,True,2014-2021,MF,"Stal Mielec, GKS Bełchatów",POL
Adrian Przyborek,/en/players/8d5d4a98/Adrian-Przyborek,True,2022-2024,FW,Pogoń Szczecin,POL
Filip Przybułek,/en/players/d6ec27a0/Filip-Przybulek,True,2023-2024,MF,Widzew Łódź,POL
Kacper Przybyłko,/en/players/4c53a714/Kacper-Przybylko,True,2011-2024,FW,"Lugano, Philadelphia Union, Chicago Fire, Kaiserslautern, Greuther Fürth, Köln, Arminia Bielefeld",POL
Kacper Przybyłko,/en/players/d1c86612/Kacper-Przybylko,True,2023-2024,DF,Warta Poznań,POL
Tymoteusz Puchacz,/en/players/c68b1b13/Tymoteusz-Puchacz,True,2016-2024,"DF,MF","Kaiserslautern, Poland, Lech Poznań, Panathinaikos, Trabzonspor, Union Berlin",POL
Adrian Purzycki,/en/players/1429bfab/Adrian-Purzycki,True,2016-2019,MF,"Miedź, Fortuna Sittard",POL
Piotr Pyrdoł,/en/players/52ff690f/Piotr-Pyrdol,True,2019-2021,FW,"Wisła Płock, ŁKS Łódź",POL
Arkadiusz Pyrka,/en/players/8ae54a69/Arkadiusz-Pyrka,True,2020-2024,"DF,MF",Piast Gliwice,POL
Kevin Pytlik,/en/players/5c8a2524/Kevin-Pytlik,True,2021-2022,DF,,POL
Przemysław Płacheta,/en/players/3c33f9d9/Przemyslaw-Placheta,True,2016-2024,"FW,MF","Norwich City, Swansea City, Norwich City U21, Śląsk Wrocław, RB Leipzig U19, Poland, Birmingham City",POL
Mateusz Radecki,/en/players/aba5aec5/Mateusz-Radecki,True,2018-2022,MF,"Śląsk Wrocław, Radomiak Radom",POL
Kacper Radkowski,/en/players/20eeccfc/Kacper-Radkowski,True,2018-2022,MF,,POL
Adam Radwański,/en/players/4eb6f8e8/Adam-Radwanski,True,2021-2022,MF,Bruk-Bet Termalica Nieciecza,POL
Jowin Radzinski,/en/players/53fd9d66/Jowin-Radzinski,True,2024,DF,AC Oulu,POL
Michał Rakoczy,/en/players/e7a4c35a/Michal-Rakoczy,True,2018-2024,"FW,MF",Cracovia,POL
Damian Rasak,/en/players/0b9de9ce/Damian-Rasak,True,2017-2024,MF,"Górnik Zabrze, Wisła Płock",POL
Arkadiusz Reca,/en/players/6213fd82/Arkadiusz-Reca,True,2016-2024,"DF,MF","Spezia, Wisła Płock, Crotone, SPAL, Poland, Atalanta",POL
Filip Rejczyk,/en/players/d1c2f7ac/Filip-Rejczyk,True,2022-2024,MF,Legia Warsaw,POL
Oskar Repka,/en/players/83a68a73/Oskar-Repka,True,2016-2018,DF,Karlsruher U19,POL
Dawid Rezaeian,/en/players/cda2d6de/Dawid-Rezaeian,True,2022-2023,DF,,POL
Taras Romanchuk,/en/players/4d08ed00/Taras-Romanchuk,True,2014-2024,MF,"Jagiellonia, Poland",POL
Kacper Rosa,/en/players/abfb43d7/Kacper-Rosa,True,2014-2022,GK,,POL
Michal Rosiak,/en/players/dbd6a18f/Michal-Rosiak,True,2022-2024,MF,Arsenal U21,POL
Maciej Rosołek,/en/players/7a9ccb58/Maciej-Rosolek,True,2019-2024,FW,Legia Warsaw,POL
Filip Rózga,/en/players/69dcf317/Filip-Rozga,True,2022-2024,MF,Cracovia,POL
Jakub Rozwadowski,/en/players/8a3c568c/Jakub-Rozwadowski,True,2023-2024,MF,Stal Mielec,POL
Maksymilian Rozwandowicz,/en/players/ecac6cea/Maksymilian-Rozwandowicz,True,2019-2020,DF,ŁKS Łódź,POL
Sebastian Rudol,/en/players/3dd97fa1/Sebastian-Rudol,True,2012-2019,"DF,MF","Pogoń Szczecin, Sepsi Sfântu Gheorghe",POL
Alan Rybak,/en/players/cbad6c53/Alan-Rybak,True,2023-2024,FW,Jagiellonia,POL
Mariusz Rybicki,/en/players/b38a56d4/Mariusz-Rybicki,True,2011-2021,"FW,MF","Widzew Łódź, Warta Poznań",POL
Maciej Rybus,/en/players/86dd16a8/Maciej-Rybus,True,2007-2024,"DF,MF","Rubin Kazan, Lokomotiv Moscow, Legia Warszawa, Terek Grozny, Poland, Lyon, Spartak Moscow",POL
Patryk Rychlik,/en/players/0b07b498/Patryk-Rychlik,True,2023-2024,DF,Warta Poznań,POL
Adam Ryczkowski,/en/players/e99a16bb/Adam-Ryczkowski,True,2014-2021,"FW,MF","Górnik Zabrze, Legia Warszawa",POL
Dawid Ryndak,/en/players/a98d776b/Dawid-Ryndak,True,2018-2019,MF,Zagl Sosnowiec,POL
Michał Rzuchowski,/en/players/7c436757/Michal-Rzuchowski,True,2020-2024,MF,"Śląsk Wrocław, Podbeskidzie",POL
Maciej Sadlok,/en/players/d8dbb714/Maciej-Sadlok,True,2007-2024,DF,"Ruch Chorzów, Wisła Kraków, Polonia Warszawa",POL
Przemysław Sajdak,/en/players/c29a20ba/Przemyslaw-Sajdak,True,2019-2020,MF,ŁKS Łódź,POL
Bartosz Salamon,/en/players/9b30df1e/Bartosz-Salamon,True,2007-2024,"DF,MF","Lech Poznań, Poland, Brescia, Cagliari, SPAL, Pescara, Frosinone, Sampdoria",POL
Piotr Samiec-Talar,/en/players/3971ff8a/Piotr-Samiec-Talar,True,2018-2024,MF,Śląsk Wrocław,POL
Jakub Sangowski,/en/players/153435a0/Jakub-Sangowski,True,2021-2024,FW,Warta Poznań,POL
Igor Sapała,/en/players/dd70a287/Igor-Sapala,True,2015-2023,MF,"Raków Częstochowa, Piast Gliwice",POL
Szymon Sarbinowski,/en/players/05d69a03/Szymon-Sarbinowski,True,2022-2024,MF,Warta Poznań,POL
Łukasz Sekulski,/en/players/7ae1cb93/Lukasz-Sekulski,True,2015-2023,FW,"Wisła Płock, Jagiellonia, ŁKS Łódź, Korona Kielce, Piast Gliwice, SKA-Khabarovsk",POL
Adam Sendor,/en/players/9026988b/Adam-Sendor,True,2023-2024,MF,Puszcza Niepołomice,POL
Jakub Serafin,/en/players/ddcc5afc/Jakub-Serafin,True,2014-2024,MF,"Puszcza Niepołomice, Haugesund, Cracovia",POL
Kacper Sezonienko,/en/players/91b64ec6/Kacper-Sezonienko,True,2019-2023,FW,Lechia Gdańsk,POL
Artur Siemaszko,/en/players/c3e00ae2/Artur-Siemaszko,True,2016-2024,FW,"Puszcza Niepołomice, Zagłębie Lubin",POL
Patryk Sikora,/en/players/c6894f4a/Patryk-Sikora,True,2023-2024,MF,Ruch Chorzów,POL
Maksymilian Sitek,/en/players/d9eb691b/Maksymilian-Sitek,True,2020-2022,MF,"Stal Mielec, Podbeskidzie",POL
Kacper Skibicki,/en/players/976e1238/Kacper-Skibicki,True,2020-2023,FW,Legia Warsaw,POL
Michał Skóraś,/en/players/5a80aea3/Michal-Skoras,True,2019-2024,"FW,MF","Club Brugge, Poland, Lech Poznań, Raków Częstochowa",POL
Łukasz Skorupski,/en/players/ab4449d6/Lukasz-Skorupski,True,2011-2024,GK,"Bologna, Poland, Empoli, Górnik Zabrze, Roma",POL
Mateusz Skrzypczak,/en/players/9387ddef/Mateusz-Skrzypczak,True,2018-2024,DF,"Jagiellonia, Lech Poznań",POL
Szymon Skrzypczak,/en/players/19b37bdc/Szymon-Skrzypczak,True,2013-2016,FW,Górnik Zabrze,POL
Kacper Skwierczyński,/en/players/f7a3ec21/Kacper-Skwierczynski,True,2021-2024,MF,Ruch Chorzów,POL
Kamil Slaby,/en/players/856cbb36/Kamil-Slaby,True,2017-2018,DF,Bruk-Bet Termalica Nieciecza,POL
Bartosz Slisz,/en/players/7ee64741/Bartosz-Slisz,True,2018-2024,MF,"Legia Warsaw, Atlanta United, Poland, Zagłębie Lubin",POL
Maciej Sliwa,/en/players/df72f8e5/Maciej-Sliwa,True,2018-2024,MF,"ŁKS Łódź, Miedź Legnica, Wisła Kraków",POL
Kacper Smiglewski,/en/players/1fb8a502/Kacper-Smiglewski,True,2022-2024,MF,Cracovia,POL
Bartlomiej Smolarczyk,/en/players/865fa610/Bartlomiej-Smolarczyk,True,2022-2024,MF,Dordrecht,POL
Kacper Smoliński,/en/players/3c07c528/Kacper-Smolinski,True,2019-2024,MF,Pogoń Szczecin,POL
Jakub Snopczynski,/en/players/4d14cc5e/Jakub-Snopczynski,True,2021-2024,MF,Radomiak Radom,POL
Szymon Sobczak,/en/players/1540e5d8/Szymon-Sobczak,True,2020-2021,FW,,POL
Artur Sobiech,/en/players/73d30c88/Artur-Sobiech,True,2008-2024,FW,"Lech Poznań, Hannover 96, Ruch Chorzów, Lechia Gdańsk, Fatih Karagümrük, Polonia Warszawa, Darmstadt",POL
Jan Sobociński,/en/players/5358009d/Jan-Sobocinski,True,2019-2024,DF,"PAS Giannina, ŁKS Łódź, Charlotte FC",POL
Dominik Sokół,/en/players/0c82f46e/Dominik-Sokol,True,2021-2023,MF,Radomiak Radom,POL
Patryk Sokołowski,/en/players/f2f2d5e3/Patryk-Sokolowski,True,2018-2024,MF,"Legia Warsaw, Cracovia, Piast Gliwice",POL
Łukasz Sołowiej,/en/players/33135992/Lukasz-Solowiej,True,2016-2024,DF,Puszcza Niepołomice,POL
Bartosz Śpiączka,/en/players/986e51fe/Bartosz-Spiaczka,True,2014-2023,FW,"Górnik Łęczna, Bruk-Bet Termalica Nieciecza, Podbeskidzie, Korona Kielce, Wisła Płock",POL
Kacper Śpiewak,/en/players/82e6b1f6/Kacper-Spiewak,True,2021-2022,FW,Bruk-Bet Termalica Nieciecza,POL
Mateusz Spychała,/en/players/dec21080/Mateusz-Spychala,True,2019-2021,DF,"Korona Kielce, Warta Poznań",POL
Michal Stachera,/en/players/827e89c9/Michal-Stachera,True,2022-2024,DF,Cracovia,POL
Dariusz Stalmach,/en/players/59a27e87/Dariusz-Stalmach,True,2021-2023,MF,Górnik Zabrze,POL
Adrian Stanilewicz,/en/players/2a5fab54/Adrian-Stanilewicz,True,2016-2022,"DF,MF","Leverkusen U19, Leverkusen U17, Darmstadt 98",POL
Filip Starzyński,/en/players/198128a3/Filip-Starzynski,True,2011-2024,MF,"Ruch Chorzów, Zagłębie Lubin, Lokeren, Poland",POL
Piotr Starzynski,/en/players/bafa7a49/Piotr-Starzynski,True,2020-2022,MF,Wisła Kraków,POL
Sebastian Steblecki,/en/players/c6fa6102/Sebastian-Steblecki,True,2011-2018,MF,"Cracovia, Górnik Zabrze, Cambuur",POL
Jakub Stec,/en/players/550768ab/Jakub-Stec,True,2023-2024,MF,Puszcza Niepołomice,POL
Dominik Steczyk,/en/players/ff04f48f/Dominik-Steczyk,True,2016-2024,"FW,MF","Preußen Münster, Ruch Chorzów, Piast Gliwice, Bochum U19, Hallescher, Stal Mielec",POL
Konrad Stępień,/en/players/55c50c1b/Konrad-Stepien,True,2023-2024,MF,Puszcza Niepołomice,POL
Mateusz Stępień,/en/players/23f7d445/Mateusz-Stepien,True,2018-2024,MF,Stal Mielec,POL
Mariusz Stępiński,/en/players/7b536033/Mariusz-Stepinski,True,2011-2024,FW,"Aris Limassol FC, Chievo, Ruch Chorzów, Widzew Łódź, Lecce, Wisła Kraków, Nantes, Hellas Verona, Pol",POL
Patryk Stępiński,/en/players/cf5af4f3/Patryk-Stepinski,True,2012-2024,DF,"Widzew Łódź, Ruch Chorzów, Wisła Płock",POL
Jakub Stolarczyk,/en/players/a4a76b3d/Jakub-Stolarczyk,True,2017-2024,GK,"Leicester City, Leicester City U23, Hartlepool United, Dunfermline Athletic, Fleetwood Town",POL
Paweł Stolarski,/en/players/fbc9396e/Pawel-Stolarski,True,2012-2024,"DF,MF","Pogoń Szczecin, Lechia Gdańsk, Legia Warszawa, Wisła Kraków",POL
Przemysław Stolc,/en/players/74a083cc/Przemyslaw-Stolc,True,2016-2017,DF,Arka Gdynia,POL
Rafał Strączek,/en/players/710fa3ea/Rafal-Straczek,True,2020-2024,GK,"Bordeaux, Stal Mielec",POL
Sebastian Strozik,/en/players/a44248fd/Sebastian-Strozik,True,2018-2023,FW,Cracovia,POL
Karol Struski,/en/players/b582ff63/Karol-Struski,True,2019-2024,MF,"Aris Limassol FC, Jagiellonia",POL
Max Stryjek,/en/players/bfc2e586/Max-Stryjek,True,2014-2024,GK,"Wycombe Wanderers, Crewe Alexandra, Livingston, Eastleigh, Sunderland U23",POL
Igor Strzałek,/en/players/a055285f/Igor-Strzalek,True,2021-2024,MF,"Legia Warsaw, Stal Mielec",POL
Milosz Strzebonski,/en/players/eed51141/Milosz-Strzebonski,True,2022-2024,MF,Korona Kielce,POL
Michal Surzyn,/en/players/e10afa33/Michal-Surzyn,True,2021-2022,MF,,POL
Tomasz Swędrowski,/en/players/58464a39/Tomasz-Swedrowski,True,2023-2024,MF,Ruch Chorzów,POL
Karol Świderski,/en/players/41723204/Karol-Swiderski,True,2014-2024,"FW,MF","Poland, Hellas Verona, Jagiellonia, PAOK, Charlotte FC",POL
Jakub Świerczok,/en/players/cc89c822/Jakub-Swierczok,True,2011-2023,FW,"Ludogorets Razgrad, Górnik Łęczna, Zagłębie Lubin, Piast Gliwice, Zawisza Bydgoszcz, Nagoya Grampus,",POL
Jakub Sypek,/en/players/a691499b/Jakub-Sypek,True,2019-2023,MF,"Widzew Łódź, Zagłębie Lubin",POL
Dominik Szala,/en/players/fca7c3a0/Dominik-Szala,True,2023-2024,DF,Górnik Zabrze,POL
Przemysław Szarek,/en/players/404ac2f0/Przemyslaw-Szarek,True,2016-2018,DF,Bruk-Bet Termalica Nieciecza,POL
Daniel Szczepan,/en/players/26ff76f7/Daniel-Szczepan,True,2018-2024,FW,"Ruch Chorzów, Śląsk Wrocław",POL
Mateusz Szczepaniak,/en/players/89168679/Mateusz-Szczepaniak,True,2023-2024,MF,Legia Warsaw,POL
Daniel Szczepankiewicz,/en/players/f3528fbb/Daniel-Szczepankiewicz,True,2023-2024,GK,FC Gütersloh 2000,POL
Miłosz Szczepański,/en/players/40750ae5/Milosz-Szczepanski,True,2017-2024,"FW,MF","Piast Gliwice, Warta Poznań, Raków Częstochowa",POL
Kacper Szczerba,/en/players/0402de53/Kacper-Szczerba,True,2023-2024,FW,Eintracht Braunschweig U19,POL
Kryspin Szczesniak,/en/players/9c086a9e/Kryspin-Szczesniak,True,2019-2024,DF,"Górnik Zabrze, Górnik Łęczna",POL
Wojciech Szczęsny,/en/players/01b8a2b2/Wojciech-Szczesny,True,2009-2024,GK,"Juventus, Poland, Arsenal, Roma, Brentford",POL
Adrian Szczutowski,/en/players/479bdc0e/Adrian-Szczutowski,True,2021-2023,FW,Stal Mielec,POL
Bartosz Szeliga,/en/players/3c7dd630/Bartosz-Szeliga,True,2012-2024,"DF,MF","ŁKS Łódź, Piast Gliwice, Bruk-Bet Termalica Nieciecza",POL
Kinga Szemik,/en/players/d14f2600/Kinga-Szemik,True,2019-2025,GK,"Reims, Poland",POL
Kajetan Szmyt,/en/players/c71ee965/Kajetan-Szmyt,True,2020-2024,FW,Warta Poznań,POL
Dawid Szot,/en/players/87d79890/Dawid-Szot,True,2018-2022,DF,Wisła Kraków,POL
Serafin Szota,/en/players/b94b7485/Serafin-Szota,True,2019-2024,DF,"Widzew Łódź, Wisła Kraków",POL
Marcin Szpakowski,/en/players/16d65000/Marcin-Szpakowski,True,2019-2023,MF,"Korona Kielce, Śląsk Wrocław",POL
Oliwia Szperkowska,/en/players/7758595b/Oliwia-Szperkowska,True,2021-2025,GK,"Paris Saint-Germain, Poland",POL
Michał Szromnik,/en/players/77c02b24/Michal-Szromnik,True,2014-2024,GK,"Górnik Zabrze, Śląsk Wrocław, Dundee United",POL
Dawid Szufryn,/en/players/6154f3d3/Dawid-Szufryn,True,2017-2018,DF,Sandecja Nowy Sącz,POL
Hubert Szulc,/en/players/d9496de3/Hubert-Szulc,True,2022-2024,FW,Korona Kielce,POL
Jakub Szumski,/en/players/30943b3d/Jakub-Szumski,True,2012-2024,GK,"Samsunspor, Raków Częstochowa, Erzurum BB, Piast Gliwice",POL
Przemysław Szur,/en/players/2f2bc106/Przemyslaw-Szur,True,2023-2024,DF,Ruch Chorzów,POL
Patryk Szwedzik,/en/players/8c8f6fa0/Patryk-Szwedzik,True,2022-2024,FW,Śląsk Wrocław,POL
Mateusz Szwoch,/en/players/e8ddc202/Mateusz-Szwoch,True,2014-2023,MF,"Wisła Płock, Arka Gdynia, Legia Warszawa",POL
Damian Szymański,/en/players/e935dbbf/Damian-Szymanski,True,2014-2024,MF,"AEK Athens, Poland, Wisła Płock, GKS Bełchatów, Jagiellonia, Akhmat Grozny",POL
Jakub Szymanski,/en/players/59c8883c/Jakub-Szymanski,True,2021-2023,MF,"Górnik Zabrze, Wisła Płock",POL
Jakub Szymański,/en/players/ab780b63/Jakub-Szymanski,True,2023-2024,GK,Widzew Łódź,POL
Karol Szymański,/en/players/871ac383/Karol-Szymanski,True,2018-2024,GK,Piast Gliwice,POL
Sebastian Szymański,/en/players/bb718263/Sebastian-Szymanski,True,2016-2024,MF,"Fenerbahçe, Poland, Dynamo Moscow, Legia Warszawa, Feyenoord",POL
Szymon Szymanski,/en/players/4da44379/Szymon-Szymanski,True,2023-2024,MF,Ruch Chorzów,POL
Emilia Szymczak,/en/players/bd566a31/Emilia-Szymczak,True,2024-2025,MF,Poland,POL
Filip Szymczak,/en/players/fdfc4523/Filip-Szymczak,True,2019-2024,FW,Lech Poznań,POL
Oliwia Szymczak,/en/players/c2d57237/Oliwia-Szymczak,True,2022-2024,GK,Feyenoord Vrouwen,POL
Przemysław Szymiński,/en/players/9b3099d6/Przemyslaw-Szyminski,True,2016-2024,DF,"Frosinone, Reggiana, Palermo, Wisła Płock",POL
Dawid Szymonowicz,/en/players/27136b38/Dawid-Szymonowicz,True,2015-2024,"DF,MF","Warta Poznań, Cracovia, Jagiellonia, Raków Częstochowa",POL
Remigiusz Szywacz,/en/players/f0dab393/Remigiusz-Szywacz,True,2023-2024,DF,Ruch Chorzów,POL
Oliwier Sławiński,/en/players/726bdd23/Oliwier-Slawinski,True,2020-2024,FW,"ŁKS Łódź, Zagłębie Lubin",POL
Jakub Słowik,/en/players/b0c1bea5/Jakub-Slowik,True,2010-2024,GK,"Konyaspor, Vegalta Sendai, FC Tokyo, Śląsk Wrocław, Jagiellonia, Pogoń Szczecin",POL
Kacper Tabiś,/en/players/37b030b0/Kacper-Tabis,True,2021-2022,MF,Jagiellonia,POL
Kacper Terlecki,/en/players/1c96eb27/Kacper-Terlecki,True,2023-2024,MF,Zagłębie Lubin,POL
Ernest Terpiłowski,/en/players/cf3af6fb/Ernest-Terpilowski,True,2021-2024,FW,"Widzew Łódź, Bruk-Bet Termalica Nieciecza",POL
Dawid Tkacz,/en/players/7440a50f/Dawid-Tkacz,True,2021-2024,MF,Widzew Łódź,POL
Kacper Tobiasz,/en/players/caeeffe7/Kacper-Tobiasz,True,2020-2024,GK,Legia Warsaw,POL
Aleksander Tobolik,/en/players/89de6766/Aleksander-Tobolik,True,2023-2024,MF,Górnik Zabrze,POL
Hubert Tomalski,/en/players/dca22065/Hubert-Tomalski,True,2023-2024,MF,Puszcza Niepołomice,POL
Grzegorz Tomasiewicz,/en/players/2d3ddd7d/Grzegorz-Tomasiewicz,True,2020-2024,MF,"Piast Gliwice, Stal Mielec",POL
Piotr Tomasik,/en/players/47948736/Piotr-Tomasik,True,2008-2023,"DF,MF","Wisła Płock, Jagiellonia, Polonia Bytom, Lech Poznań, Podbeskidzie",POL
Bartosz Tomaszewski,/en/players/3d3fac22/Bartosz-Tomaszewski,True,2022-2024,DF,Lech Poznań,POL
Paweł Tomczyk,/en/players/fe460945/Pawel-Tomczyk,True,2016-2022,FW,"Lech Poznań, Mioveni, Stal Mielec, Piast Gliwice",POL
Filip Tonder,/en/players/ebe9ee15/Filip-Tonder,True,2023-2024,MF,Warta Poznań,POL
Krzysztof Toporkiewicz,/en/players/0df35fac/Krzysztof-Toporkiewicz,True,2019-2024,FW,Jagiellonia,POL
Michał Trąbka,/en/players/50178426/Michal-Trabka,True,2019-2024,MF,"Stal Mielec, ŁKS Łódź",POL
Kacper Trelowski,/en/players/22134590/Kacper-Trelowski,True,2019-2024,GK,"Śląsk Wrocław, Raków Częstochowa",POL
Miłosz Trojak,/en/players/d02ffcea/Milosz-Trojak,True,2015-2024,DF,Korona Kielce,POL
Damian Tront,/en/players/80bf0c2b/Damian-Tront,True,2022-2023,MF,Miedź Legnica,POL
Andrzej Trubeha,/en/players/3097741e/Andrzej-Trubeha,True,2021-2023,FW,Jagiellonia,POL
Radosław Turek,/en/players/32be5178/Radoslaw-Turek,True,2023-2024,DF,Korona Kielce,POL
Hubert Turski,/en/players/650291ea/Hubert-Turski,True,2019-2021,FW,Pogoń Szczecin,POL
Patryk Tuszyński,/en/players/88a156a1/Patryk-Tuszynski,True,2011-2022,"FW,MF","Zagłębie Lubin, Wisła Płock, Jagiellonia, Çaykur Rizespor, Lechia Gdańsk, Piast Gliwice",POL
Przemysław Tytoń,/en/players/1fa85681/Przemyslaw-Tyton,True,2005-2024,GK,"Twente, Roda JC, FC Cincinnati, Elche, Stuttgart, PSV Eindhoven, Górnik Łęczna, Deportivo La Coruña,",POL
Maciej Urbańczyk,/en/players/48ab3a30/Maciej-Urbanczyk,True,2013-2022,MF,"Ruch Chorzów, Stal Mielec",POL
Kacper Urbanski,/en/players/2d9d9e42/Kacper-Urbanski,True,2019-2024,MF,"Bologna, Lechia Gdańsk",POL
Piotr Urbanski,/en/players/c692bda7/Piotr-Urbanski,True,2023-2024,MF,Piast Gliwice,POL
Wojciech Urbanski,/en/players/e13a9488/Wojciech-Urbanski,True,2023-2024,MF,Legia Warsaw,POL
Alan Uryga,/en/players/1e3cf034/Alan-Uryga,True,2011-2022,"DF,MF","Wisła Płock, Wisła Kraków",POL
Marcin Urynowicz,/en/players/3bedd38c/Marcin-Urynowicz,True,2015-2019,FW,Górnik Zabrze,POL
Krystian Wachowiak,/en/players/83358596/Krystian-Wachowiak,True,2020-2022,MF,,POL
Jakub Wajman,/en/players/e8246e6f/Jakub-Wajman,True,2023-2024,MF,Warta Poznań,POL
Tomasz Walczak,/en/players/8e59f708/Tomasz-Walczak,True,2021-2024,FW,"Raków Częstochowa, Wisła Płock",POL
Patryk Walicki,/en/players/4998e162/Patryk-Walicki,True,2021-2024,MF,Francs Borains,POL
Patryk Walis,/en/players/728c4610/Patryk-Walis,True,2020-2021,DF,,POL
Michał Walski,/en/players/a25070ab/Michal-Walski,True,2013-2024,MF,"Puszcza Niepołomice, Pogoń Szczecin, Ruch Chorzów",POL
Sebastian Walukiewicz,/en/players/217875a4/Sebastian-Walukiewicz,True,2017-2024,DF,"Empoli, Poland, Cagliari, Pogoń Szczecin",POL
Damian Warchoł,/en/players/a1eb329e/Damian-Warchol,True,2019-2023,MF,Wisła Płock,POL
Marcin Wasielewski,/en/players/cf5f1b37/Marcin-Wasielewski,True,2016-2022,DF,"Lech Poznań, Bruk-Bet Termalica Nieciecza",POL
Stanislaw Wawrzynowicz,/en/players/c51c4e41/Stanislaw-Wawrzynowicz,True,2018-2024,MF,Pogoń Szczecin,POL
Jakub Wawszczyk,/en/players/8c0628f8/Jakub-Wawszczyk,True,2019-2022,DF,"Arka Gdynia, Stal Mielec",POL
Mateusz Wdowiak,/en/players/f82607cc/Mateusz-Wdowiak,True,2014-2024,"FW,MF","Raków Częstochowa, Zagłębie Lubin, Cracovia",POL
Bartłomiej Wdowik,/en/players/1ada9b95/Bartlomiej-Wdowik,True,2019-2024,"DF,MF","Jagiellonia, Poland",POL
Marcel Wędrychowski,/en/players/85a3f5b0/Marcel-Wedrychowski,True,2019-2024,MF,"Pogoń Szczecin, Górnik Łęczna",POL
Damian Węglarz,/en/players/984e8f30/Damian-Weglarz,True,2014-2022,GK,Jagiellonia,POL
Szymon Weirauch,/en/players/78f28a45/Szymon-Weirauch,True,2021-2024,GK,Zagłębie Lubin,POL
Martyna Wiankowska,/en/players/83188bdb/Martyna-Wiankowska,True,2017-2025,DF,"Poland, Köln, Turbine Potsdam",POL
Mateusz Wieteska,/en/players/3ecc8c5f/Mateusz-Wieteska,True,2014-2024,DF,"Clermont Foot, Cagliari, Poland, Legia Warszawa, Górnik Zabrze",POL
Filip Wilak,/en/players/11b22b25/Filip-Wilak,True,2022-2024,FW,"Lech Poznań, Ruch Chorzów",POL
Kamil Wilczek,/en/players/8513b4e6/Kamil-Wilczek,True,2008-2024,"FW,MF","Piast Gliwice, Brøndby, Zagłębie Lubin, FC Copenhagen, Göztepe, Carpi, Poland",POL
Jakub Wilczynski,/en/players/2526b279/Jakub-Wilczynski,True,2019-2020,DF,,POL
Adam Wilk,/en/players/300615e5/Adam-Wilk,True,2017-2024,GK,Cracovia,POL
Mateusz Winciersz,/en/players/02142623/Mateusz-Winciersz,True,2020-2022,FW,,POL
Przemysław Wiśniewski,/en/players/1bfe5ac9/Przemyslaw-Wisniewski,True,2017-2024,DF,"Spezia, Górnik Zabrze, Venezia",POL
Jakub Witek,/en/players/988afd0a/Jakub-Witek,True,2019-2021,MF,,POL
Piotr Wlazło,/en/players/507b4180/Piotr-Wlazlo,True,2016-2024,MF,"Stal Mielec, Wisła Płock, Bruk-Bet Termalica Nieciecza, Jagiellonia",POL
Jakub Wójcicki,/en/players/383891b0/Jakub-Wojcicki,True,2013-2022,"DF,MF","Cracovia, Zawisza Bydgoszcz, Jagiellonia, Zagłębie Lubin",POL
Oliwier Wojciechowski,/en/players/9441749e/Oliwier-Wojciechowski,True,2021-2023,MF,Jagiellonia,POL
Tomasz Wojcinowicz,/en/players/05a583dd/Tomasz-Wojcinowicz,True,2023-2024,DF,Puszcza Niepołomice,POL
Damian Wojdakowski,/en/players/62fbe289/Damian-Wojdakowski,True,2022-2024,MF,Jagiellonia,POL
Wiktorian Wojnowski,/en/players/9de4253a/Wiktorian-Wojnowski,True,2023-2024,DF,Energie Cottbus U17,POL
Kamil Wojtkowski,/en/players/00f9a44a/Kamil-Wojtkowski,True,2014-2022,MF,"Wisła Kraków, RB Leipzig U19, Pogoń Szczecin, Volos N.F.C., Jagiellonia",POL
Tomasz Wójtowicz,/en/players/7b372bf6/Tomasz-Wojtowicz,True,2023-2024,MF,Ruch Chorzów,POL
Norbert Wojtuszek,/en/players/c34ec65c/Norbert-Wojtuszek,True,2020-2024,MF,Górnik Zabrze,POL
Maciej Wolski,/en/players/7e9d6635/Maciej-Wolski,True,2019-2023,MF,"ŁKS Łódź, Stal Mielec",POL
Rafał Wolski,/en/players/0e1802a6/Rafal-Wolski,True,2010-2024,"FW,MF","Radomiak Radom, Lechia Gdańsk, Wisła Płock, Legia Warszawa, Mechelen, Fiorentina, Wisła Kraków, Bari",POL
Rafał Wolsztyński,/en/players/661c3068/Rafal-Wolsztynski,True,2015-2022,FW,"SJK, Górnik Zabrze",POL
Łukasz Wolsztyński,/en/players/933150d2/Lukasz-Wolsztynski,True,2017-2024,FW,"Stal Mielec, Górnik Zabrze",POL
Oliwia Woś,/en/players/f6acd028/Oliwia-Wos,True,2022-2025,DF,"Zürich, Poland",POL
Arkadiusz Woźniak,/en/players/c601feaa/Arkadiusz-Wozniak,True,2009-2024,"FW,MF",Zagłębie Lubin,POL
Tomasz Wozniak,/en/players/6b25e5bc/Tomasz-Wozniak,True,2020-2022,GK,,POL
Krzysztof Wołkowicz,/en/players/e6b414ae/Krzysztof-Wolkowicz,True,2023-2024,MF,Stal Mielec,POL
Jakub Wrąbel,/en/players/c04ae3a6/Jakub-Wrabel,True,2014-2023,GK,Śląsk Wrocław,POL
Jakub Wróbel,/en/players/67b31b7e/Jakub-Wrobel,True,2015-2021,MF,"ŁKS Łódź, Bruk-Bet Termalica Nieciecza, Stal Mielec",POL
Natalia Wróbel,/en/players/074ea1b7/Natalia-Wrobel,True,2022-2025,MF,"Brøndby, Poland",POL
Krzysztof Wróblewski,/en/players/5c35bccc/Krzysztof-Wroblewski,True,2023-2024,GK,Puszcza Niepołomice,POL
Michal Wróblewski,/en/players/f3599cc5/Michal-Wroblewski,True,2023-2024,DF,Śląsk Wrocław,POL
Konrad Wrzesiński,/en/players/c5bfe2f9/Konrad-Wrzesinski,True,2018-2022,MF,"Zagl Sosnowiec, Stal Mielec, Jagiellonia",POL
Paweł Wszołek,/en/players/21b03d15/Pawel-Wszolek,True,2010-2024,MF,"Legia Warsaw, Poland, Queens Park Rangers, Polonia Warszawa, Sampdoria, Hellas Verona",POL
Michael Wyparło,/en/players/f7bdd945/Michael-Wyparlo,True,2020-2023,MF,,POL
Szymon Włodarczyk,/en/players/88015937/Szymon-Wlodarczyk,True,2019-2024,FW,"Sturm Graz, Górnik Zabrze, Legia Warsaw",POL
Rafał Zaborowski,/en/players/06383608/Rafal-Zaborowski,True,2023-2024,FW,Aizawl,POL
Jedrzej Zajac,/en/players/5fc878cc/Jedrzej-Zajac,True,2023-2024,FW,ŁKS Łódź,POL
Nicola Zalewski,/en/players/45191c29/Nicola-Zalewski,True,2020-2024,"DF,MF","Roma, Poland",POL
Kamil Zapolnik,/en/players/d12b0a96/Kamil-Zapolnik,True,2018-2024,"FW,MF","Puszcza Niepołomice, Górnik Zabrze, Miedź Legnica",POL
Marcel Zapytowski,/en/players/55783090/Marcel-Zapytowski,True,2018-2023,GK,Korona Kielce,POL
Patryk Zaucha,/en/players/c327dde1/Patryk-Zaucha,True,2019-2024,MF,Cracovia,POL
Oskar Zawada,/en/players/e0b94dc4/Oskar-Zawada,True,2015-2024,FW,"Wellington Phoenix, Wisła Płock, Karlsruher, Arka Gdynia, Twente, Jeju United FC, Stal Mielec, Raków",POL
Weronika Zawistowska,/en/players/a204c740/Weronika-Zawistowska,True,2019-2023,MF,"Köln, Poland",POL
Damian Zbozień,/en/players/0626b00b/Damian-Zbozien,True,2011-2022,"DF,MF","Arka Gdynia, Piast Gliwice, Wisła Płock, GKS Bełchatów, Zagłębie Lubin, Amkar Perm",POL
Piotr Żemło,/en/players/e07d8c0d/Piotr-Zemlo,True,2013-2017,DF,Wisła Kraków,POL
Sebastian Zieleniecki,/en/players/73a23f38/Sebastian-Zieleniecki,True,2014-2024,DF,Hallescher,POL
Paweł Zieliński,/en/players/056002d8/Pawel-Zielinski,True,2013-2024,"DF,MF","Widzew Łódź, Śląsk Wrocław, Miedź",POL
Piotr Zieliński,/en/players/a5296e55/Piotr-Zielinski,True,2012-2024,MF,"Napoli, Poland, Empoli, Udinese",POL
Piotr Zieliński,/en/players/feeac0e8/Piotr-Zielinski,True,2021-2022,GK,,POL
Nikodem Zielonka,/en/players/9007bc05/Nikodem-Zielonka,True,2022-2024,FW,Górnik Zabrze,POL
Wiktoria Zieniewicz,/en/players/ab09875a/Wiktoria-Zieniewicz,True,2021-2025,DF,Poland,POL
Robert Ziętarski,/en/players/e80d20c3/Robert-Zietarski,True,2022-2023,MF,VfB Oldenburg,POL
Jan Ziólkowski,/en/players/ad184a2a/Jan-Ziolkowski,True,2023-2024,DF,Legia Warsaw,POL
Mateusz Ziolkowski,/en/players/8d7d94e3/Mateusz-Ziolkowski,True,2021-2022,FW,,POL
Łukasz Zjawiński,/en/players/21531606/Lukasz-Zjawinski,True,2020-2023,FW,"Stal Mielec, Widzew Łódź, Lechia Gdańsk",POL
Jan Zuberek,/en/players/32c337b5/Jan-Zuberek,True,2023-2024,FW,Ternana,POL
Mateusz Żukowski,/en/players/c13351e1/Mateusz-Zukowski,True,2017-2024,FW,"Śląsk Wrocław, Lechia Gdańsk, Lech Poznań",POL
Maciej Żurawski,/en/players/2395b405/Maciej-Zurawski,True,2018-2024,MF,"Warta Poznań, Pogoń Szczecin",POL
Szymon Żurkowski,/en/players/4e1d5e59/Szymon-Zurkowski,True,2017-2024,MF,"Empoli, Spezia, Górnik Zabrze, Poland, Fiorentina",POL
Łukasz Zwoliński,/en/players/f6d6a31a/Lukasz-Zwolinski,True,2012-2024,FW,"Raków Częstochowa, Pogoń Szczecin, Lechia Gdańsk, Gorica, Śląsk Wrocław",POL
Oliwier Zych,/en/players/be18d79f/Oliwier-Zych,True,2020-2024,GK,"Puszcza Niepołomice, Aston Villa U21, Aston Villa, Aston Villa U23",POL
Marcel Zylla,/en/players/adfc9574/Marcel-Zylla,True,2016-2024,MF,"Śląsk Wrocław, Bayern Munich U19, Bayern Munich U17, Bayern Munich II",POL
Bartosz Zynek,/en/players/9cd5f8ba/Bartosz-Zynek,True,2020-2022,FW,Wisła Płock,POL
Paweł Żyra,/en/players/1da5a0b9/Pawel-Zyra,True,2015-2023,MF,"Stal Mielec, Zagłębie Lubin, Bruk-Bet Termalica Nieciecza",POL
Mateusz Żyro,/en/players/d497314f/Mateusz-Zyro,True,2017-2024,DF,"Widzew Łódź, Stal Mielec, Miedź, Legia Warszawa",POL
Michał Żyro,/en/players/e99bd58b/Michal-Zyro,True,2009-2022,"FW,MF","Legia Warszawa, Piast Gliwice, Korona Kielce, Charlton Athletic, Jagiellonia, Pogoń Szczecin, Wolver",POL
Wiktor Żytek,/en/players/df76daf9/Wiktor-Zytek,True,2015-2016,MF,,POL
Jan Łabędzki,/en/players/3bacea22/Jan-Labedzki,True,2023-2024,MF,ŁKS Łódź,POL
Jakub Łabojko,/en/players/20eecbfe/Jakub-Labojko,True,2018-2024,MF,"Ternana, Brescia, Śląsk Wrocław",POL
Łukasz Łakomy,/en/players/543b9811/Lukasz-Lakomy,True,2019-2024,MF,"Young Boys, Zagłębie Lubin",POL
Igor Łasicki,/en/players/dc10a532/Igor-Lasicki,True,2013-2022,DF,"Wisła Płock, Pogoń Szczecin, Carpi",POL
Wojciech Łaski,/en/players/5a946db9/Wojciech-Laski,True,2022-2024,FW,Jagiellonia,POL
Aleks Ławniczak,/en/players/a9d87a7b/Aleks-Lawniczak,True,2020-2024,DF,"Zagłębie Lubin, Warta Poznań",POL
Mateusz Łęgowski,/en/players/75c62731/Mateusz-Legowski,True,2021-2024,MF,"Pogoń Szczecin, Salernitana, Poland",POL
Kacper Łopata,/en/players/86862905/Kacper-Lopata,True,2021-2024,DF,"Barnsley, Port Vale, Southend United, Woking",POL
Marcel Łubik,/en/players/0f0bc968/Marcel-Lubik,True,2018-2024,GK,"Augsburg, Augsburg U19, Augsburg U17",POL
Daniel Łukasik,/en/players/b502f77c/Daniel-Lukasik,True,2011-2024,MF,"Śląsk Wrocław, Lechia Gdańsk, Legia Warszawa, Ankaragücü, Sandhausen, Radomiak Radom",POL
Jakub Łukowski,/en/players/c3884095/Jakub-Lukowski,True,2014-2024,MF,"Korona Kielce, Wisła Płock, Zawisza Bydgoszcz",POL
Adrian Łyszczarz,/en/players/2d67ca25/Adrian-Lyszczarz,True,2016-2023,MF,Śląsk Wrocław,POL
